Country Name,Country Code,Net Migration 1962,Net Migration 1967,Net Migration 1972,Net Migration 1977,Net Migration 1982,Net Migration 1987,Net Migration 1992,Net Migration 1997,Net Migration 2002,Net Migration 2007,Net Migration 2012,Net Migration 2017,Population 1962,Population 1967,Population 1972,Population 1977,Population 1982,Population 1987,Population 1992,Population 1997,Population 2002,Population 2007,Population 2012,Population 2017
Aruba,ABW,-4323.0,-4275.0,-3537.0,-5470.0,-1921.0,-5194.0,14218.0,6926.0,6263.0,-441.0,1253.0,1004.0,56225.0,58055.0,59840.0,60366.0,61345.0,61833.0,68235.0,85451.0,94992.0,101222.0,102560.0,105366.0
Afghanistan,AFG,-20000.0,-20000.0,-20000.0,-1153959.0,-3345095.0,-1525351.0,3076383.0,-867540.0,744193.0,-1046361.0,521769.0,-314602.0,9351441.0,10399926.0,11791215.0,13171306.0,12882528.0,11604534.0,14485546.0,19357126.0,22600770.0,27100536.0,31161376.0,36296400.0
Angola,AGO,-296717.0,-587286.0,199800.0,199800.0,234148.0,188491.0,142812.0,199800.0,261100.0,357301.0,166267.0,32066.0,5608539.0,5774243.0,6248552.0,7533735.0,8952950.0,10689250.0,12657366.0,14871570.0,17519417.0,20905363.0,25107931.0,29816748.0
Albania,ALB,-99.0,-99.0,-99.0,-99.0,-99.0,-99.0,-443212.0,-179606.0,-176774.0,-217358.0,-136590.0,-69998.0,1711319.0,1965598.0,2243126.0,2513546.0,2784278.0,3083605.0,3247039.0,3148281.0,3051010.0,2970017.0,2900401.0,2873457.0
Andorra,AND,,,,,,,,,,,,,15370.0,20758.0,26892.0,32771.0,39114.0,48455.0,58888.0,64327.0,70049.0,82684.0,82427.0,77001.0
Arab World,ARB,-499808.0,-835129.0,-920852.0,1644984.0,497963.0,-562598.0,-255813.0,-1739489.0,183214.0,3760036.0,47229.0,-1408824.0,97334442.0,111899364.0,128598734.0,149161891.0,175061792.0,203084971.0,232956352.0,264822188.0,294665185.0,330290716.0,371443547.0,411898967.0
United Arab Emirates,ARE,37882.0,53823.0,260488.0,372430.0,184159.0,256638.0,368126.0,498394.0,1189616.0,3592436.0,270000.0,200000.0,112118.0,169771.0,330974.0,735344.0,1164806.0,1533536.0,2052891.0,2671362.0,3478777.0,6168838.0,9141596.0,9487203.0
Argentina,ARG,122000.0,130000.0,142000.0,-230000.0,140000.0,160000.0,-105000.0,-128000.0,-125000.0,-120000.0,30000.0,24000.0,21153052.0,22828869.0,24653175.0,26661398.0,28794548.0,31184415.0,33529326.0,35657429.0,37681749.0,39684295.0,41733271.0,44044811.0
Armenia,ARM,70335.0,103399.0,86404.0,17214.0,-51230.0,-67528.0,-496288.0,-223873.0,-160521.0,-183361.0,-30535.0,-24989.0,2009526.0,2339127.0,2650486.0,2944383.0,3193689.0,3451947.0,3442817.0,3133089.0,3033978.0,2932618.0,2884229.0,2944809.0
American Samoa,ASM,,,,,,,,,,,,,21253.0,25248.0,28567.0,30838.0,34968.0,42740.0,49896.0,55221.0,59080.0,58365.0,55667.0,55620.0
Antigua and Barbuda,ATG,-1880.0,-1202.0,-7018.0,-4428.0,-3763.0,-2890.0,2231.0,2469.0,252.0,1887.0,943.0,0.0,55841.0,61241.0,64133.0,62159.0,61779.0,61717.0,64471.0,71704.0,78295.0,84026.0,90409.0,95426.0
Australia,AUS,384343.0,806193.0,259531.0,235744.0,453572.0,654209.0,351078.0,388419.0,589282.0,1210802.0,989375.0,791229.0,10742000.0,11799000.0,13177000.0,14192000.0,15178000.0,16263900.0,17495000.0,18517000.0,19651400.0,20827600.0,22733465.0,24601860.0
Austria,AUT,15996.0,50401.0,82001.0,5502.0,18002.0,110999.0,227841.0,65082.0,178117.0,153763.0,267172.0,324998.0,7129864.0,7376998.0,7544201.0,7568430.0,7574140.0,7574586.0,7840709.0,7968041.0,8081957.0,8295487.0,8429991.0,8797566.0
Azerbaijan,AZE,0.0,-40000.0,-50466.0,-50466.0,-101568.0,-161568.0,-115116.0,-111849.0,36523.0,53579.0,8499.0,6002.0,4171426.0,4843868.0,5385263.0,5863132.0,6349553.0,6893489.0,7382000.0,7838250.0,8171950.0,8581300.0,9295784.0,9854033.0
Burundi,BDI,-84989.0,-57900.0,-266496.0,-150290.0,-139146.0,-180004.0,-320001.0,-455304.0,-24721.0,30004.0,-70001.0,10003.0,2907321.0,3253218.0,3569666.0,3854445.0,4379724.0,5027138.0,5685565.0,6122130.0,6704113.0,7862214.0,9245988.0,10827024.0
Belgium,BEL,38304.0,47288.0,70980.0,73523.0,18478.0,42556.0,106947.0,50870.0,219560.0,294270.0,258672.0,240000.0,9220578.0,9580991.0,9711115.0,9830358.0,9856303.0,9870234.0,10045158.0,10181245.0,10332785.0,10625700.0,11106932.0,11375158.0
Benin,BEN,-24295.0,-23742.0,-24845.0,-19393.0,-10848.0,-8723.0,68259.0,-2851.0,25005.0,-48776.0,-42268.0,-10000.0,2502896.0,2735307.0,3043567.0,3433439.0,3927714.0,4535263.0,5331803.0,6281639.0,7295394.0,8454793.0,9729248.0,11175204.0
Burkina Faso,BFA,-144723.0,-144723.0,-170263.0,-217400.0,-217400.0,-183699.0,-150001.0,-137499.0,-125000.0,-125000.0,-125000.0,-125000.0,4960326.0,5343019.0,5825173.0,6398935.0,7158255.0,8140073.0,9297113.0,10665546.0,12293100.0,14252021.0,16571246.0,19193284.0
Bangladesh,BGD,-142378.0,-161822.0,-3045287.0,-1137344.0,-793826.0,-219363.0,-813794.0,-719899.0,-1492537.0,-3254778.0,-2306839.0,-1847503.0,50752157.0,59034249.0,66625705.0,73463584.0,83932127.0,95671163.0,107983704.0,120160564.0,132478086.0,142660376.0,151007807.0,159670593.0
Bulgaria,BGR,-1437.0,-6423.0,-43396.0,-94868.0,-22346.0,-184143.0,-356464.0,-133824.0,-85500.0,-83742.0,-24472.0,-24001.0,8012946.0,8310226.0,8576200.0,8804183.0,8917457.0,8971359.0,8540164.0,8312068.0,7837161.0,7545338.0,7305888.0,7075947.0
Bahrain,BHR,-4195.0,-8033.0,19123.0,48962.0,3234.0,12899.0,5480.0,39180.0,155500.0,272000.0,42000.0,239000.0,173144.0,196063.0,229155.0,303175.0,385950.0,448971.0,523086.0,594931.0,735146.0,1035919.0,1299943.0,1494074.0
"Bahamas, The",BHS,13873.0,13929.0,949.0,2981.0,646.0,-811.0,-322.0,-3001.0,11877.0,14536.0,4999.0,4999.0,121091.0,152620.0,177866.0,197101.0,220184.0,243271.0,266029.0,287358.0,307660.0,337389.0,363584.0,381761.0
Bosnia and Herzegovina,BIH,-50002.0,-96958.0,-82247.0,-74132.0,-29999.0,-134587.0,-740715.0,-159283.0,-6000.0,-59246.0,-258529.0,-107926.0,3353226.0,3632672.0,3851153.0,4063193.0,4265185.0,4479519.0,4233676.0,3736070.0,3759387.0,3762786.0,3604972.0,3351527.0
Belarus,BLR,-125387.0,65585.0,37146.0,38298.0,47114.0,-23021.0,-63057.0,56146.0,-6382.0,63933.0,72123.0,43648.0,8351928.0,8785648.0,9188968.0,9463000.0,9776000.0,10111000.0,10216000.0,10117000.0,9865548.0,9560953.0,9464495.0,9498264.0
Belize,BLZ,-2418.0,-2957.0,-10665.0,-13542.0,-5332.0,-5404.0,-9011.0,11909.0,5797.0,8722.0,7594.0,6000.0,97384.0,112692.0,127150.0,136989.0,151500.0,174320.0,194324.0,221580.0,262378.0,299025.0,338000.0,375769.0
Bermuda,BMU,,,,,,,,,,,,,46600.0,52000.0,54200.0,53400.0,55449.0,57849.0,58595.0,60497.0,62912.0,64888.0,64798.0,63873.0
Bolivia,BOL,-20760.0,-23150.0,-26620.0,-40130.0,-73670.0,-64260.0,-51670.0,-64330.0,-77720.0,-67700.0,-57620.0,-47520.0,3802990.0,4208676.0,4682390.0,5228252.0,5814345.0,6442831.0,7160920.0,7937458.0,8742814.0,9558439.0,10377676.0,11192854.0
Brazil,BRA,0.0,0.0,0.0,0.0,0.0,0.0,0.0,0.0,0.0,0.0,15924.0,106000.0,76514328.0,88035814.0,99859383.0,112425392.0,126498314.0,140891602.0,154259380.0,167209040.0,179537520.0,190130443.0,199287296.0,207833831.0
Barbados,BRB,-17960.0,-13677.0,-6934.0,-5548.0,-7856.0,-6311.0,-5393.0,-3643.0,-3188.0,-249.0,-397.0,-397.0,232633.0,236659.0,241515.0,248937.0,254082.0,258019.0,262886.0,268187.0,273425.0,278700.0,283700.0,286233.0
Brunei Darussalam,BRN,6422.0,10843.0,10886.0,8293.0,3622.0,3684.0,4770.0,4188.0,422.0,-2257.0,-901.0,0.0,89481.0,112448.0,142022.0,174714.0,206065.0,237563.0,273892.0,311958.0,346782.0,374965.0,398989.0,424473.0
Bhutan,BTN,5000.0,10000.0,10001.0,10016.0,797.0,1595.0,-58565.0,143.0,6171.0,-10971.0,300.0,1600.0,234554.0,269947.0,316828.0,371428.0,428934.0,494312.0,534516.0,551709.0,616018.0,664876.0,701583.0,745568.0
Botswana,BWA,-22436.0,-24198.0,3992.0,17744.0,5203.0,46821.0,24296.0,36443.0,26928.0,26928.0,-73138.0,14999.0,523778.0,584092.0,667092.0,800529.0,962875.0,1154906.0,1363554.0,1540425.0,1704642.0,1875459.0,2039551.0,2205128.0
Central African Republic,CAF,11930.0,13145.0,-50000.0,-1000.0,40000.0,-80000.0,50000.0,30000.0,-24405.0,-125614.0,-396129.0,-200000.0,1551910.0,1708302.0,1867782.0,2039919.0,2335333.0,2646840.0,2959236.0,3392436.0,3802128.0,4198010.0,4436415.0,4596028.0
Canada,CAN,178691.0,611117.0,758104.0,420633.0,373939.0,859217.0,690555.0,783535.0,1052013.0,1326431.0,1241416.0,1210159.0,18614000.0,20412000.0,22218463.0,23725843.0,25116942.0,26446601.0,28371264.0,29905948.0,31360079.0,32889025.0,34714222.0,36543321.0
Central Europe and the Baltics,CEB,81694.0,-200621.0,-123404.0,-129100.0,-321864.0,-657287.0,-1411284.0,-1006566.0,-804567.0,-993491.0,-805917.0,-642033.0,93009498.0,97043270.0,100357161.0,104616884.0,107730380.0,110296425.0,110111454.0,109422013.0,106959751.0,105378748.0,103935318.0,102738653.0
Switzerland,CHE,277152.0,92978.0,25185.0,-135365.0,81040.0,130857.0,247406.0,65218.0,186125.0,344872.0,397267.0,259999.0,5573815.0,5991785.0,6260956.0,6281174.0,6391309.0,6545106.0,6875364.0,7088906.0,7284753.0,7551117.0,7996861.0,8451840.0
Channel Islands,CHI,2934.0,3880.0,4250.0,1726.0,5380.0,6085.0,1170.0,2291.0,1513.0,5970.0,3570.0,6754.0,111457.0,117474.0,123614.0,127183.0,129979.0,136762.0,142006.0,145373.0,149596.0,154636.0,162056.0,168665.0
Chile,CHL,-146900.0,-196500.0,-161260.0,-148300.0,-154520.0,-68650.0,3610.0,19340.0,42330.0,107169.0,163730.0,558539.0,8476897.0,9312095.0,10103674.0,10922779.0,11743911.0,12642924.0,13719819.0,14786220.0,15684409.0,16530195.0,17400347.0,18470439.0
China,CHN,-1125727.0,-160002.0,-1105479.0,-47004.0,-200000.0,-431651.0,-779982.0,-382999.0,-1965578.0,-2178385.0,-1552209.0,-1741996.0,665770000.0,754550000.0,862030000.0,943455000.0,1008630000.0,1084035000.0,1164970000.0,1230075000.0,1280400000.0,1317885000.0,1350695000.0,1386395000.0
Cote d'Ivoire,CIV,200706.0,200706.0,393042.0,403322.0,427498.0,319134.0,375000.0,180000.0,-300000.0,-200000.0,-80000.0,-40000.0,3770766.0,4544164.0,5576038.0,7026496.0,8764989.0,10698194.0,12812421.0,15130663.0,17231539.0,19171237.0,21547188.0,24437469.0
Cameroon,CMR,0.0,-1000.0,-2500.0,0.0,-16500.0,-19500.0,-48000.0,-48000.0,-54000.0,-54000.0,-36000.0,-24000.0,5398729.0,6052420.0,6867178.0,7887560.0,9166816.0,10731064.0,12499499.0,14344449.0,16357602.0,18730282.0,21485266.0,24566045.0
"Congo, Dem. Rep.",COD,122650.0,242939.0,27450.0,100685.0,-450468.0,74515.0,1287106.0,-958174.0,-241564.0,-43426.0,15060.0,119303.0,16041190.0,18378625.0,21121363.0,24249130.0,27717291.0,31528708.0,37333914.0,43827180.0,49871666.0,58453683.0,69020747.0,81398764.0
"Congo, Rep.",COG,0.0,0.0,0.0,-7407.0,2098.0,2000.0,22530.0,49302.0,51485.0,91771.0,-60000.0,-20000.0,1069238.0,1219541.0,1406522.0,1629209.0,1884875.0,2171321.0,2489952.0,2867280.0,3310387.0,3876119.0,4510198.0,5110702.0
Colombia,COL,-306563.0,-338635.0,-380422.0,-419350.0,-370972.0,-324000.0,-287950.0,-259000.0,-231000.0,-195000.0,-193380.0,1023981.0,17092918.0,19837510.0,22516425.0,25164545.0,28101819.0,31195413.0,34422569.0,37723800.0,40875360.0,43737516.0,46076848.0,48901066.0
Comoros,COM,-8491.0,-5500.0,-5500.0,10000.0,-4500.0,-4500.0,-3000.0,-6000.0,-10000.0,-10000.0,-10000.0,-10000.0,197198.0,215897.0,239235.0,275900.0,326946.0,376654.0,436448.0,501953.0,569479.0,641620.0,723871.0,813892.0
Cabo Verde,CPV,-1167.0,4267.0,-34907.0,-27982.0,-20313.0,-27757.0,-6376.0,-5438.0,-9859.0,-11341.0,-8029.0,-6709.0,210142.0,247527.0,271843.0,273335.0,294254.0,321135.0,355757.0,404259.0,442951.0,475060.0,505235.0,537497.0
Costa Rica,CRI,7905.0,7827.0,12638.0,17425.0,18876.0,17417.0,69202.0,89527.0,41792.0,30339.0,19658.0,21000.0,1433335.0,1696732.0,1944169.0,2205615.0,2523354.0,2884851.0,3286520.0,3718949.0,4100925.0,4404628.0,4688000.0,4949954.0
Caribbean small states,CSS,-262832.0,-298610.0,-284690.0,-271073.0,-266114.0,-341887.0,-236400.0,-230119.0,-176783.0,-142453.0,-91451.0,-87055.0,4353628.0,4712526.0,5012612.0,5303307.0,5617885.0,5894827.0,6112815.0,6378552.0,6604965.0,6833393.0,7072665.0,7314990.0
Cuba,CUB,-204043.0,-248423.0,-190000.0,-160000.0,-270000.0,-69999.0,-120006.0,-132839.0,-145629.0,-240000.0,-80000.0,-72000.0,7453540.0,8266380.0,9025345.0,9646142.0,9940317.0,10286643.0,10736387.0,10989732.0,11199651.0,11251122.0,11257101.0,11339259.0
Curacao,CUW,-7752.0,-4526.0,-5000.0,-13251.0,-8464.0,-14547.0,-11517.0,-17077.0,-6070.0,15363.0,6817.0,2573.0,128414.0,138140.0,147710.0,149459.0,150101.0,151456.0,143912.0,146956.0,129205.0,144056.0,152088.0,160175.0
Cayman Islands,CYM,,,,,,,,,,,,,8146.0,8522.0,10133.0,13853.0,17439.0,21544.0,27780.0,36156.0,45351.0,52280.0,58958.0,63382.0
Cyprus,CYP,-43025.0,-7843.0,3053.0,-1215.0,-27634.0,17167.0,43195.0,53260.0,57530.0,58658.0,22509.0,25000.0,577691.0,591308.0,627998.0,665525.0,691702.0,723376.0,800611.0,891190.0,976964.0,1063713.0,1135046.0,1179680.0
Czech Republic,CZE,24999.0,-129099.0,9999.0,9999.0,-52946.0,5671.0,29999.0,46002.0,47402.0,250889.0,59997.0,110057.0,9624660.0,9852899.0,9867632.0,10186755.0,10314826.0,10347318.0,10319123.0,10304131.0,10196916.0,10298828.0,10510785.0,10594438.0
Germany,DEU,669314.0,871265.0,701731.0,228894.0,23.0,1683737.0,2628459.0,715944.0,824445.0,43087.0,1938576.0,2719112.0,74025784.0,76951336.0,78688452.0,78159814.0,78333366.0,77839920.0,80624598.0,82034771.0,82488495.0,82266372.0,80425823.0,82657002.0
Djibouti,DJI,18000.0,25000.0,34997.0,91193.0,9999.0,89998.0,-45000.0,9988.0,-8997.0,-12221.0,6002.0,4501.0,94204.0,131397.0,179224.0,277479.0,385271.0,490330.0,615054.0,660863.0,746942.0,805451.0,868136.0,944097.0
Dominica,DMA,,,,,,,,,,,,,61982.0,67686.0,71731.0,73440.0,75003.0,71842.0,70544.0,70599.0,69837.0,70795.0,70965.0,71458.0
Denmark,DNK,2256.0,21866.0,23256.0,14925.0,9319.0,32839.0,65466.0,74568.0,46306.0,87989.0,106841.0,75998.0,4647727.0,4835354.0,4991596.0,5088419.0,5117810.0,5127024.0,5171370.0,5284991.0,5375931.0,5461438.0,5591572.0,5764980.0
Dominican Republic,DOM,-43490.0,-56172.0,-70824.0,-87098.0,-118102.0,-134470.0,-144154.0,-150146.0,-152553.0,-153773.0,-153000.0,-150000.0,3521018.0,4123092.0,4755459.0,5407500.0,6067770.0,6729933.0,7408342.0,8084407.0,8724975.0,9338861.0,9930911.0,10513131.0
Algeria,DZA,-282941.0,-121335.0,-253436.0,-224833.0,-81020.0,-93302.0,-128679.0,-164413.0,-205228.0,-357340.0,-143268.0,-50002.0,11619828.0,13275026.0,15285990.0,17582904.0,20452902.0,23774284.0,27028326.0,29742979.0,31855109.0,34166972.0,37383887.0,41389198.0
East Asia & Pacific (excluding high income),EAP,-951548.0,-476764.0,-888388.0,-1119832.0,-303942.0,-272668.0,-2770604.0,-974322.0,-5608510.0,-6894219.0,-3768254.0,-3791004.0,906413883.0,1030341039.0,1176909471.0,1298403397.0,1405388771.0,1526774406.0,1652528229.0,1759750579.0,1849607538.0,1924018226.0,1994391099.0,2068142784.0
Early-demographic dividend,EAR,-857830.0,-1886452.0,-3317858.0,-4952237.0,1692818.0,-1530147.0,-7479045.0,-7535702.0,-14255662.0,-13971996.0,-14257384.0,-11460012.0,1027204721.0,1158861169.0,1309397192.0,1477870054.0,1672134893.0,1892336374.0,2117785722.0,2339379434.0,2560101452.0,2776922496.0,2994364053.0,3206361023.0
East Asia & Pacific,EAS,-480262.0,1538131.0,18646.0,-722799.0,556267.0,701831.0,-1848218.0,1532.0,-4235381.0,-4415849.0,-1337907.0,-2057249.0,1059018809.0,1195269923.0,1355934900.0,1490449457.0,1608678553.0,1739071545.0,1872480731.0,1987315562.0,2083186112.0,2161785573.0,2236819053.0,2314097713.0
Europe & Central Asia (excluding high income),ECA,-83597.0,369327.0,-500692.0,-232895.0,223419.0,-1293566.0,-2663215.0,-2114635.0,73186.0,1364223.0,3054571.0,1880978.0,264562390.0,283832742.0,300287182.0,316954397.0,334202516.0,352277839.0,365331302.0,368734967.0,369278345.0,372332605.0,382509766.0,395289709.0
Europe & Central Asia,ECS,1223688.0,437456.0,1533438.0,1241642.0,571631.0,804777.0,1451064.0,274507.0,8256870.0,7925495.0,8361520.0,7894029.0,682397793.0,719406036.0,749283628.0,777422116.0,803342709.0,827505323.0,848877903.0,858164737.0,863936840.0,877300672.0,893788642.0,914585461.0
Ecuador,ECU,-9002.0,-5500.0,-5499.0,-7198.0,-14001.0,-16998.0,-19000.0,-69999.0,-120002.0,-44999.0,-38001.0,182000.0,4809201.0,5560012.0,6429379.0,7383724.0,8409397.0,9522360.0,10716129.0,11951452.0,13143465.0,14296557.0,15474102.0,16785361.0
"Egypt, Arab Rep.",EGY,-50100.0,-239700.0,-559179.0,-595294.0,-392930.0,-212184.0,-460404.0,-210899.0,-74464.0,-283573.0,-280944.0,-190164.0,28112256.0,32056510.0,36102659.0,40329589.0,45539296.0,51991700.0,58666814.0,64892270.0,71485043.0,78232126.0,86422240.0,96442593.0
Euro area,EMU,808797.0,148964.0,2037462.0,1608797.0,731227.0,2221744.0,4087715.0,2351361.0,7296329.0,4188448.0,3610240.0,4446572.0,270110056.0,281974883.0,290874595.0,298441845.0,304174240.0,307488390.0,314162058.0,318761762.0,324125336.0,332645165.0,336159194.0,341163597.0
Eritrea,ERI,6997.0,4999.0,10000.0,10000.0,10000.0,-40000.0,-314772.0,-129998.0,227290.0,-80009.0,-246000.0,-199290.0,1060486.0,1210302.0,1384797.0,1591620.0,1836823.0,2127422.0,2257596.0,2195179.0,2481058.0,2996536.0,3250099.0,3412891.0
Spain,ESP,-193807.0,-145936.0,96990.0,76903.0,-43292.0,-67680.0,319270.0,931072.0,2908209.0,2273848.0,-520442.0,200000.0,31023366.0,32682947.0,34604469.0,36511638.0,37986012.0,38684815.0,39157685.0,40057389.0,41431558.0,45226803.0,46773055.0,46593236.0
Estonia,EST,43228.0,41204.0,30581.0,30510.0,25900.0,15497.0,-111876.0,-1197.0,-18406.0,-15151.0,-10516.0,19555.0,1241623.0,1318946.0,1392518.0,1450211.0,1498414.0,1552221.0,1533091.0,1399535.0,1379350.0,1340680.0,1322696.0,1317384.0
Ethiopia,ETH,-19999.0,-42182.0,-59597.0,-2112372.0,248546.0,765993.0,1457943.0,-155577.0,-150001.0,-50132.0,399997.0,150002.0,23221389.0,26280132.0,30140804.0,33577242.0,36995248.0,43329231.0,51423585.0,60697443.0,70142091.0,80674348.0,92726971.0,106400024.0
European Union,EUU,873990.0,35679.0,1830393.0,1452547.0,314429.0,1640298.0,3259577.0,1621033.0,6853594.0,3767581.0,3377263.0,4281648.0,363200473.0,378917977.0,390994983.0,402425490.0,410895587.0,416301856.0,422963892.0,427538058.0,430881944.0,438468400.0,441395932.0,446131273.0
Fragile and conflict affected situations,FCS,-403734.0,-828283.0,-1224205.0,4915.0,-6325349.0,-6220616.0,1933706.0,-4376293.0,-2415321.0,-5313288.0,-7098642.0,-10049206.0,192452467.0,216725732.0,245398949.0,280540792.0,320266666.0,360107735.0,411763761.0,470020836.0,530422958.0,601759996.0,680326998.0,763578047.0
Finland,FIN,-64984.0,-97937.0,28880.0,-29377.0,26181.0,18268.0,47223.0,22154.0,31935.0,57558.0,81416.0,70000.0,4491443.0,4605744.0,4639657.0,4738902.0,4826933.0,4932123.0,5041992.0,5139835.0,5200598.0,5288720.0,5413971.0,5508214.0
Fiji,FJI,-3455.0,-14279.0,-15145.0,-22230.0,-12677.0,-66996.0,-33803.0,-38692.0,-58598.0,-23691.0,-51950.0,-31008.0,421665.0,487981.0,542844.0,598296.0,668280.0,721783.0,744469.0,792736.0,815257.0,836190.0,865069.0,877459.0
France,FRA,1417869.0,491613.0,543072.0,258429.0,291570.0,276383.0,122170.0,193631.0,926483.0,446120.0,423831.0,182636.0,47904877.0,50775794.0,52793138.0,54467702.0,55718933.0,57302663.0,58851217.0,59964851.0,61805267.0,64016225.0,65659809.0,66864379.0
Faroe Islands,FRO,,,,,,,,,,,,,35524.0,37705.0,39925.0,42134.0,44108.0,46349.0,46739.0,45796.0,47233.0,47825.0,47843.0,48331.0
"Micronesia, Fed. Sts.",FSM,454.0,429.0,-7534.0,120.0,445.0,-1902.0,-1662.0,-12788.0,-12284.0,-12278.0,-2999.0,-2999.0,47367.0,56307.0,62279.0,66082.0,78012.0,89979.0,101389.0,108480.0,107030.0,104444.0,104506.0,111459.0
Gabon,GAB,9410.0,16188.0,2999.0,4999.0,4999.0,4999.0,4999.0,9566.0,24820.0,63698.0,100317.0,16301.0,511287.0,554059.0,611704.0,676255.0,763930.0,873867.0,1002579.0,1141338.0,1288315.0,1472575.0,1749682.0,2064823.0
United Kingdom,GBR,143068.0,-84853.0,106415.0,39119.0,-97495.0,98758.0,205443.0,513361.0,992223.0,2189404.0,1300231.0,1303250.0,53250000.0,54943600.0,56086065.0,56193492.0,56313641.0,56802050.0,57580402.0,58316954.0,59370479.0,61322463.0,63700215.0,66058859.0
Georgia,GEO,96284.0,85200.0,-73426.0,-95445.0,-47827.0,-43659.0,-591854.0,-653597.0,-148337.0,-119811.0,-95340.0,-50000.0,3760300.0,4005800.0,4205300.0,4372100.0,4542800.0,4743500.0,4873500.0,4349913.0,3978515.0,3860158.0,3728874.0,3728004.0
Ghana,GHA,30000.0,-260133.0,-143000.0,-459839.0,-12339.0,-40000.0,-16000.0,-126999.0,25002.0,150000.0,-50000.0,-50000.0,7071971.0,8132803.0,9229631.0,10395452.0,11676823.0,13552021.0,15653336.0,17908985.0,20246381.0,22963946.0,25996449.0,29121471.0
Gibraltar,GIB,,,,,,,,,,,,,24313.0,27173.0,29358.0,30234.0,29691.0,29115.0,28840.0,29408.0,32102.0,33517.0,33646.0,33728.0
Guinea,GIN,0.0,0.0,-87571.0,-156695.0,-83323.0,0.0,-134975.0,-181099.0,-349998.0,-311422.0,-293749.0,-20000.0,3611429.0,3941053.0,4290534.0,4628877.0,5077082.0,5801326.0,6716038.0,7662075.0,8586074.0,9518162.0,10652029.0,12067539.0
"Gambia, The",GMB,5282.0,13403.0,14403.0,14580.0,14883.0,60597.0,2620.0,-4570.0,1517.0,-15436.0,-15436.0,-15436.0,379894.0,426629.0,492426.0,576757.0,678113.0,831023.0,1027475.0,1200526.0,1404261.0,1639848.0,1905011.0,2213894.0
Guinea-Bissau,GNB,-20001.0,-7230.0,-14999.0,-79367.0,-30001.0,-28004.0,-29999.0,-41167.0,-27932.0,-17502.0,-7005.0,-6996.0,628883.0,669237.0,732523.0,771737.0,810405.0,912754.0,1020350.0,1132510.0,1254453.0,1411543.0,1604979.0,1828146.0
Equatorial Guinea,GNQ,2998.0,5001.0,-70000.0,-29998.0,64999.0,20000.0,20002.0,35001.0,50003.0,80001.0,89999.0,79998.0,262219.0,291790.0,289501.0,242156.0,284630.0,382981.0,447266.0,536460.0,658384.0,821687.0,1031191.0,1262001.0
Greece,GRC,-256691.0,-187126.0,20771.0,297368.0,100241.0,178887.0,459178.0,297431.0,113586.0,-370769.0,-161799.0,-80000.0,8448233.0,8684088.0,8888628.0,9308479.0,9789513.0,10000595.0,10399061.0,10661259.0,10902022.0,11048473.0,11045011.0,10754679.0
Grenada,GRD,-9450.0,-9731.0,-11759.0,-13206.0,-586.0,-15189.0,-4210.0,-3964.0,-3511.0,-3526.0,-1000.0,-1000.0,92484.0,95020.0,93983.0,90227.0,93122.0,99436.0,97165.0,101567.0,103634.0,105190.0,107446.0,110874.0
Greenland,GRL,,,,,,,,,,,,,35000.0,41900.0,48300.0,49400.0,51500.0,54100.0,55300.0,56000.0,56609.0,56555.0,56810.0,56172.0
Guatemala,GTM,-10311.0,-41269.0,-137529.0,-258519.0,-283074.0,-299909.0,-367469.0,-402326.0,-281050.0,-114231.0,-50131.0,-46073.0,4378604.0,5047435.0,5723759.0,6412667.0,7262658.0,8332446.0,9544055.0,10788362.0,12147518.0,13477017.0,14781942.0,16087418.0
Guam,GUM,-2905.0,-1442.0,-2131.0,-1511.0,109.0,99.0,1739.0,-4116.0,-9556.0,-9776.0,-7594.0,-2532.0,69604.0,78404.0,87587.0,97477.0,108906.0,121919.0,136692.0,150303.0,157176.0,158847.0,159996.0,164281.0
Guyana,GUY,-14669.0,-42559.0,-54362.0,-52341.0,-97340.0,-102648.0,-57867.0,-86647.0,-63249.0,-50078.0,-34999.0,-30001.0,606285.0,675871.0,721948.0,762424.0,781246.0,757448.0,748602.0,757970.0,744789.0,746474.0,755399.0,775221.0
High income,HIC,3941008.0,4229964.0,7251511.0,7260230.0,6510855.0,8249599.0,10289281.0,13436955.0,18179172.0,22605622.0,17992038.0,15844525.0,800940275.0,848251644.0,892423645.0,933635381.0,972400780.0,1006177585.0,1042741821.0,1081272105.0,1115120727.0,1154287221.0,1191504227.0,1225031047.0
"Hong Kong SAR, China",HKG,-27385.0,71590.0,73970.0,390487.0,160605.0,221262.0,156486.0,375683.0,64797.0,89747.0,74892.0,146542.0,3305200.0,3722800.0,4123600.0,4583700.0,5264500.0,5580500.0,5800500.0,6489300.0,6744100.0,6916300.0,7150100.0,7391700.0
Honduras,HND,-29002.0,-41000.0,-45999.0,-50999.0,-61998.0,-73998.0,-77999.0,-64998.0,-41999.0,-25000.0,-30000.0,-34000.0,2155647.0,2486415.0,2882113.0,3352825.0,3910640.0,4542214.0,5244678.0,6045699.0,6929265.0,7808518.0,8640691.0,9429013.0
Heavily indebted poor countries (HIPC),HPC,-243146.0,-137303.0,-1026521.0,-2923589.0,-5279936.0,-2910055.0,2469854.0,-3368158.0,-1747428.0,-4868903.0,-2882169.0,-1462971.0,169567094.0,192084649.0,219004370.0,250160346.0,284905162.0,325095184.0,376055904.0,434736174.0,499113575.0,574560260.0,660193774.0,759106221.0
Croatia,HRV,1854.0,-1225.0,-18403.0,18681.0,54369.0,26145.0,-143579.0,-188129.0,-2580.0,-10499.0,-38493.0,-40004.0,4196712.0,4338683.0,4450564.0,4559571.0,4634234.0,4739745.0,4575818.0,4534920.0,4302174.0,4310217.0,4267558.0,4124531.0
Haiti,HTI,-51997.0,-58003.0,-88000.0,-97999.0,-124999.0,-135001.0,-140001.0,-144998.0,-139999.0,-138004.0,-150000.0,-175000.0,4019173.0,4425303.0,4837332.0,5294619.0,5910227.0,6618744.0,7319493.0,8030726.0,8754150.0,9495328.0,10250930.0,10982366.0
Hungary,HUN,21715.0,15731.0,-24419.0,13040.0,-115800.0,-91554.0,99980.0,78562.0,61589.0,25150.0,29999.0,29999.0,10061734.0,10216604.0,10398489.0,10648031.0,10705535.0,10612741.0,10369341.0,10290486.0,10158608.0,10055780.0,9920362.0,9787966.0
IBRD only,IBD,-3572773.0,-3639834.0,-2657570.0,-4274006.0,-953415.0,-4254770.0,-9685437.0,-8630309.0,-10812375.0,-11595016.0,-2178391.0,-6056175.0,1974019004.0,2211446023.0,2480635677.0,2741759767.0,3004914782.0,3294789958.0,3583653517.0,3842265420.0,4077663878.0,4296873746.0,4515492025.0,4736161411.0
IDA & IBRD total,IBT,-3963584.0,-4173652.0,-7497326.0,-7486372.0,-6728516.0,-8916507.0,-11085383.0,-14297599.0,-18637281.0,-23109254.0,-18168999.0,-15664439.0,2372380778.0,2663895555.0,2994908168.0,3326428549.0,3674370511.0,4062409115.0,4463427780.0,4844173043.0,5209100117.0,5570347419.0,5943961722.0,6333378175.0
IDA total,IDA,-390811.0,-533818.0,-4839756.0,-3212366.0,-5775101.0,-4661737.0,-1399946.0,-5667290.0,-7824906.0,-11514238.0,-15990608.0,-9608264.0,398361774.0,452449532.0,514272491.0,584668782.0,669455729.0,767619157.0,879774263.0,1001907623.0,1131436239.0,1273473673.0,1428469697.0,1597216764.0
IDA blend,IDB,7616.0,102544.0,-258308.0,1262694.0,575125.0,-352458.0,-1623327.0,-576770.0,-1928024.0,-1483560.0,-2310575.0,-2260137.0,126289823.0,143347882.0,163636009.0,188841791.0,220088459.0,255551896.0,293874927.0,334399200.0,377512127.0,424192635.0,478336539.0,536862922.0
Indonesia,IDN,449965.0,556062.0,508276.0,378743.0,475080.0,261282.0,-35412.0,-67671.0,-1149655.0,-1333685.0,-454447.0,-494777.0,92518377.0,105865571.0,121017314.0,137278058.0,154468229.0,171702763.0,187739786.0,202826446.0,217357793.0,232374245.0,248452413.0,264645886.0
IDA only,IDX,-398427.0,-636362.0,-4581448.0,-4475060.0,-6350226.0,-4309279.0,223381.0,-5090520.0,-5896882.0,-10030678.0,-13680033.0,-7348127.0,272071951.0,309101650.0,350636482.0,395826991.0,449367270.0,512067261.0,585899336.0,667508423.0,753924112.0,849281038.0,950133158.0,1060353842.0
Isle of Man,IMN,,,,,,,,,,,,,48418.0,52118.0,57166.0,61336.0,63772.0,66471.0,71254.0,73850.0,78318.0,82408.0,84533.0,83598.0
India,IND,-85391.0,-342846.0,2106041.0,1111236.0,579708.0,45150.0,-552948.0,-682569.0,-1888986.0,-2655844.0,-2350075.0,-2663434.0,469077190.0,520400576.0,581087256.0,652408776.0,732239504.0,819682102.0,909307016.0,1000900030.0,1093317189.0,1183209472.0,1265782790.0,1338658835.0
Not classified,INX,,,,,,,,,,,,,,,,,,,,,,,,
Ireland,IRL,-105837.0,-57278.0,44335.0,51765.0,-60929.0,-125947.0,-15374.0,84879.0,201467.0,197285.0,-111819.0,118020.0,2836050.0,2902450.0,3036850.0,3282200.0,3485800.0,3540057.0,3558430.0,3674171.0,3931947.0,4398942.0,4599533.0,4807388.0
"Iran, Islamic Rep.",IRN,-7838.0,51755.0,77633.0,403319.0,2007670.0,1497228.0,-898423.0,-218350.0,-48444.0,-576900.0,-502345.0,-274998.0,23071315.0,26317783.0,30075297.0,34803045.0,41869236.0,51193782.0,58780370.0,63136312.0,67284796.0,71336475.0,75539862.0,80673951.0
Iraq,IRQ,-1862.0,-6877.0,-8587.0,-47791.0,-199939.0,-647664.0,-154026.0,-17859.0,-266320.0,-1102117.0,1303607.0,39171.0,7674220.0,8947404.0,10599668.0,12462070.0,14432468.0,16257070.0,18402734.0,21439574.0,24931919.0,27911248.0,31890011.0,37552781.0
Iceland,ISL,-732.0,-2757.0,-1061.0,-3929.0,260.0,646.0,-1054.0,1020.0,2940.0,12007.0,-2163.0,1900.0,182378.0,198751.0,209137.0,221799.0,233860.0,245859.0,261057.0,271128.0,287523.0,311566.0,320716.0,343400.0
Israel,ISR,209496.0,72440.0,165879.0,62546.0,2604.0,65418.0,451557.0,245334.0,102935.0,273635.0,19497.0,50002.0,2293000.0,2745000.0,3148000.0,3613000.0,4031000.0,4369000.0,5123000.0,5836000.0,6570000.0,7180100.0,7910500.0,8713300.0
Italy,ITA,-230527.0,-231781.0,19396.0,164927.0,264799.0,-10058.0,152825.0,-298237.0,1664343.0,1050948.0,1637369.0,744713.0,50879450.0,52900500.0,54381345.0,55955411.0,56543548.0,56601931.0,56797087.0,56890372.0,57059007.0,58438310.0,59539717.0,60536709.0
Jamaica,JAM,-143938.0,-149741.0,-91034.0,-98483.0,-71084.0,-146934.0,-110068.0,-93279.0,-92045.0,-87319.0,-56658.0,-56658.0,1676501.0,1803319.0,1935100.0,2080831.0,2234057.0,2375393.0,2461049.0,2583916.0,2692845.0,2768227.0,2842132.0,2920853.0
Jordan,JOR,35715.0,255435.0,-29706.0,-80758.0,81657.0,170602.0,412472.0,-150149.0,-93910.0,649995.0,1056759.0,51099.0,1010658.0,1378998.0,1883935.0,2179363.0,2563534.0,3131796.0,3977672.0,4848541.0,5317506.0,6255280.0,8090872.0,9779173.0
Japan,JPN,-151351.0,822703.0,714937.0,205006.0,50002.0,-298339.0,46286.0,-100333.0,164199.0,277580.0,358133.0,357800.0,95832000.0,100725000.0,107188000.0,113863000.0,118449000.0,122091000.0,124229000.0,126057000.0,127445000.0,128001000.0,127629000.0,126785797.0
Kazakhstan,KAZ,694120.0,173343.0,-128101.0,-435262.0,-433268.0,-674287.0,-1439396.0,-1261512.0,44530.0,-35196.0,159807.0,-90000.0,10756928.0,12385710.0,13463985.0,14359624.0,15128087.0,16039251.0,16439095.0,15333703.0,14858948.0,15484192.0,16792089.0,18037776.0
Kenya,KEN,-20000.0,-19535.0,-17915.0,-2930.0,3805.0,5023.0,221569.0,-21386.0,25144.0,-189330.0,-50000.0,-50000.0,8647011.0,10187478.0,12146068.0,14638890.0,17736326.0,21382112.0,25326078.0,29415659.0,33751739.0,38705932.0,44343410.0,50221473.0
Kyrgyz Republic,KGZ,103107.0,104185.0,-12065.0,-45839.0,-54162.0,-126883.0,-276249.0,-27268.0,-172911.0,-76604.0,-93353.0,-20000.0,2333400.0,2736500.0,3088200.0,3423900.0,3759300.0,4144600.0,4515400.0,4696400.0,4990700.0,5268400.0,5607200.0,6198200.0
Cambodia,KHM,0.0,-248418.0,-125000.0,-84999.0,-88854.0,-78022.0,409414.0,348495.0,-35156.0,-295987.0,-149999.0,-149999.0,6028431.0,6685960.0,7302111.0,7196042.0,6919801.0,8198082.0,9623889.0,11298600.0,12637727.0,13679962.0,14780454.0,16009414.0
Kiribati,KIR,-786.0,-917.0,-1120.0,-2342.0,-3011.0,-664.0,-4435.0,-2801.0,-1938.0,-295.0,-4123.0,-3999.0,43281.0,48417.0,52780.0,56764.0,60887.0,67248.0,74766.0,80187.0,87305.0,96527.0,106370.0,114158.0
St. Kitts and Nevis,KNA,,,,,,,,,,,,,50963.0,47381.0,44320.0,43942.0,42728.0,41041.0,40697.0,42854.0,45165.0,47778.0,49887.0,52045.0
"Korea, Rep.",KOR,-69136.0,-81844.0,-209938.0,-165135.0,92892.0,170581.0,71418.0,159428.0,81223.0,-156546.0,401183.0,58657.0,26513030.0,30130983.0,33505406.0,36411795.0,39326352.0,41621690.0,43747962.0,45953580.0,47644736.0,48683638.0,50199853.0,51361911.0
Kuwait,KWT,137000.0,146600.0,95836.0,141100.0,115340.0,119768.0,-655000.0,242000.0,26500.0,479500.0,580000.0,197600.0,337348.0,577164.0,851916.0,1153583.0,1507645.0,1938909.0,,1710256.0,2136997.0,2504019.0,3348853.0,4056099.0
Latin America & Caribbean (excluding high income),LAC,-1273827.0,-1701987.0,-2223153.0,-3183626.0,-3189809.0,-3766978.0,-4235925.0,-4591564.0,-5113976.0,-3732353.0,-2720438.0,-2718002.0,215860314.0,247383939.0,280858331.0,316246897.0,354216276.0,393720726.0,432695338.0,470817399.0,507060159.0,540405229.0,572224389.0,602426586.0
Lao PDR,LAO,76.0,30.0,46.0,-198756.0,-35110.0,138.0,-60567.0,-134746.0,-148100.0,-110258.0,-112313.0,-73518.0,2221125.0,2496920.0,2840841.0,3135842.0,3401191.0,3905530.0,4500351.0,5050315.0,5493246.0,5944948.0,6444530.0,6953035.0
Lebanon,LBN,20000.0,-70002.0,-10000.0,-285201.0,-214378.0,-128038.0,390001.0,-29428.0,550110.0,-26882.0,1192354.0,-150060.0,1925297.0,2174738.0,2417836.0,2601740.0,2606139.0,2667960.0,3076132.0,3658424.0,4182205.0,4767344.0,5538634.0,6811873.0
Liberia,LBR,7996.0,7996.0,10996.0,11949.0,0.0,-359708.0,-290000.0,462952.0,-50000.0,175585.0,25000.0,-25000.0,1166648.0,1303035.0,1474567.0,1692140.0,1989483.0,2153316.0,2001624.0,2326202.0,3024729.0,3461911.0,4135659.0,4702228.0
Libya,LBY,45891.0,48002.0,58665.0,57534.0,113380.0,5490.0,3965.0,-57368.0,-20569.0,-118555.0,-300002.0,-9997.0,1550813.0,1878877.0,2327490.0,2865637.0,3480454.0,4109725.0,4650885.0,5118007.0,5531089.0,5974787.0,6285750.0,6580724.0
St. Lucia,LCA,-9187.0,-7795.0,-9703.0,-8971.0,-8009.0,-4285.0,-5031.0,-1541.0,-804.0,4360.0,0.0,0.0,91891.0,99365.0,106310.0,112685.0,120988.0,130856.0,141760.0,150913.0,159392.0,167639.0,176646.0,180955.0
Latin America & Caribbean,LCN,-1594811.0,-2147249.0,-2614761.0,-3479274.0,-3493972.0,-4016511.0,-4288871.0,-4671401.0,-5318859.0,-3784759.0,-2796189.0,-2606469.0,232179888.0,265182478.0,300021011.0,336887200.0,376322267.0,417353074.0,458011037.0,497858138.0,535509361.0,570091464.0,603097381.0,634545282.0
Least developed countries: UN classification,LDC,-1005498.0,-1203458.0,-4400298.0,-3897388.0,-6102508.0,-3733535.0,871361.0,-4294643.0,-4393268.0,-9561841.0,-7624642.0,-4861511.0,251900741.0,284708409.0,321797581.0,362475112.0,410740611.0,467290514.0,534731006.0,609983301.0,691061397.0,780219542.0,876869863.0,986365080.0
Low income,LIC,-454020.0,-214831.0,-1625547.0,-2606900.0,-5234756.0,-3302410.0,1280175.0,-2571989.0,-678717.0,-2632479.0,-7574410.0,-4052273.0,150246788.0,169257096.0,192255470.0,218076745.0,246643720.0,279547387.0,321531045.0,370477990.0,424933735.0,489505419.0,559335524.0,634796692.0
Liechtenstein,LIE,,,,,,,,,,,,,17289.0,19691.0,22151.0,24448.0,26536.0,27837.0,29553.0,31830.0,33879.0,35217.0,36615.0,37800.0
Sri Lanka,LKA,-47500.0,-38500.0,-145000.0,-237500.0,-398693.0,-137440.0,-255780.0,-461684.0,-449480.0,-520065.0,-484772.0,-489932.0,10352179.0,11657650.0,13002231.0,14273495.0,15501207.0,16643952.0,17736821.0,18470900.0,19062482.0,19842044.0,20425000.0,21444000.0
Lower middle income,LMC,-827911.0,-2603730.0,-2626935.0,-2158820.0,-1493460.0,-2814621.0,-5667870.0,-7028307.0,-12896960.0,-15520933.0,-13606015.0,-10239143.0,916256413.0,1026748653.0,1151780781.0,1294569650.0,1460309661.0,1646753428.0,1843386680.0,2038516003.0,2233327611.0,2428529757.0,2628465458.0,2831466703.0
Low & middle income,LMY,-3927224.0,-4221607.0,-7162517.0,-7264498.0,-6535671.0,-8349528.0,-10296679.0,-13482497.0,-18256319.0,-22561890.0,-17919477.0,-15853831.0,2324516396.0,2614208557.0,2944468935.0,3274131330.0,3619940389.0,4006377627.0,4409608111.0,4790982256.0,5157632247.0,5519916437.0,5894259181.0,6284034658.0
Lesotho,LSO,-24999.0,-22399.0,-24048.0,-6538.0,-25760.0,-40195.0,-7839.0,-37212.0,-161218.0,-92476.0,-47704.0,-50234.0,869136.0,962273.0,1077095.0,1228536.0,1415367.0,1596394.0,1782285.0,1968044.0,2029829.0,1986922.0,2014990.0,2091412.0
Late-demographic dividend,LTE,-2767349.0,-2127314.0,-2654279.0,-1908587.0,-1538143.0,-1940531.0,-4275005.0,-1735738.0,-1088551.0,2231391.0,1351680.0,-379189.0,1113927865.0,1248850536.0,1400911465.0,1528866956.0,1642764670.0,1769123547.0,1892668358.0,1994264448.0,2073757398.0,2140907334.0,2206932754.0,2275525382.0
Lithuania,LTU,24715.0,26314.0,37782.0,38815.0,43804.0,36863.0,-100301.0,-93925.0,-99104.0,-150930.0,-146217.0,-163902.0,2863350.0,3044400.0,3213622.0,3355036.0,3457179.0,3616367.0,3700114.0,3575137.0,3443067.0,3231294.0,2987773.0,2828403.0
Luxembourg,LUX,8527.0,5918.0,15284.0,11846.0,2552.0,12831.0,20040.0,19940.0,14473.0,42279.0,48704.0,48704.0,320750.0,334995.0,346600.0,361358.0,365525.0,370750.0,392175.0,419450.0,446175.0,479993.0,530946.0,596336.0
Latvia,LVA,79651.0,70780.0,54668.0,36327.0,30762.0,41910.0,-116474.0,-46601.0,-72490.0,-86594.0,-83325.0,-74186.0,2181586.0,2301220.0,2395674.0,2485073.0,2531080.0,2626583.0,2614338.0,2432851.0,2310173.0,2200325.0,2034319.0,1942248.0
"Macao SAR, China",MAC,19062.0,33602.0,-10972.0,-10034.0,25146.0,33466.0,21845.0,27864.0,46284.0,42381.0,42350.0,25000.0,176183.0,223418.0,248767.0,236678.0,251158.0,308180.0,362311.0,401352.0,448821.0,504511.0,564039.0,622585.0
St. Martin (French part),MAF,,,,,,,,,,,,,4076.0,4920.0,6156.0,7718.0,8369.0,19275.0,31811.0,26909.0,30910.0,36137.0,37009.0,36560.0
Morocco,MAR,-239800.0,-474734.0,-508947.0,-309839.0,-320659.0,-430184.0,-466627.0,-532581.0,-654821.0,-565140.0,-367108.0,-257096.0,13094888.0,14954031.0,16696891.0,18620093.0,20984009.0,23447252.0,25711406.0,27754571.0,29454768.0,31163673.0,33241898.0,35581294.0
Monaco,MCO,,,,,,,,,,,,,23039.0,23292.0,24051.0,25809.0,27627.0,29168.0,29865.0,31280.0,32806.0,34525.0,36460.0,38392.0
Moldova,MDA,100890.0,74449.0,55824.0,-26414.0,-9185.0,-84531.0,-131953.0,-165309.0,-12079.0,-47911.0,-7020.0,-6935.0,2140063.0,2344108.0,2515217.0,2660619.0,2782725.0,2918487.0,2977130.0,2935524.0,2910504.0,2873429.0,2859458.0,2755158.0
Madagascar,MDG,0.0,-8000.0,-19000.0,-30000.0,-10000.0,-10000.0,-9500.0,-8500.0,-7500.0,-7500.0,-7500.0,-7500.0,5352503.0,6073526.0,6946620.0,7998164.0,9234129.0,10647754.0,12301336.0,14347854.0,16765117.0,19433530.0,22346641.0,25570540.0
Maldives,MDV,-581.0,-2904.0,2415.0,0.0,0.0,-2605.0,-3072.0,-1100.0,17392.0,17994.0,58358.0,56851.0,94905.0,107478.0,123354.0,144631.0,169851.0,203028.0,236265.0,263842.0,294186.0,335169.0,397237.0,496402.0
Middle East & North Africa,MEA,-298221.0,-717185.0,-695574.0,129603.0,2765924.0,1306492.0,-477233.0,-1053445.0,809325.0,4645191.0,336434.0,-1194318.0,111045434.0,127444958.0,146213388.0,168361100.0,197157159.0,231570113.0,265656619.0,297891731.0,327362252.0,361929136.0,401974219.0,441255236.0
Mexico,MEX,-409085.0,-616085.0,-920380.0,-1253817.0,-1273198.0,-1835537.0,-2018533.0,-2296470.0,-2206114.0,-562404.0,-422477.0,-300000.0,40195319.0,46956208.0,54689943.0,62869903.0,71058654.0,79200081.0,87075138.0,94611002.0,101684758.0,109170502.0,117274155.0,124777324.0
Marshall Islands,MHL,,,,,,,,,,,,,15547.0,18388.0,22341.0,27470.0,33328.0,42173.0,49245.0,50450.0,52370.0,56051.0,56717.0,58058.0
Middle income,MIC,-3473204.0,-4006776.0,-5536970.0,-4657598.0,-1300915.0,-5047118.0,-11576854.0,-10910508.0,-17577602.0,-19929411.0,-10345067.0,-11801558.0,2174269608.0,2444951461.0,2752213465.0,3056054585.0,3373296669.0,3726830240.0,4088077066.0,4420504266.0,4732698512.0,5030411018.0,5334923657.0,5649237966.0
North Macedonia,MKD,-40940.0,-28981.0,-61002.0,-14749.0,-72752.0,-98818.0,-100107.0,-4999.0,-14572.0,-7399.0,-8853.0,-4999.0,1527111.0,1644943.0,1754956.0,1851069.0,1955243.0,1992274.0,1988659.0,1999598.0,2048928.0,2065426.0,2074278.0,2081996.0
Mali,MLI,-70243.0,-98235.0,-95585.0,-174998.0,-218064.0,-493982.0,-173489.0,-141950.0,-67110.0,-100823.0,-302449.0,-200000.0,5381368.0,5706199.0,6147458.0,6712267.0,7388668.0,8062219.0,8850334.0,10094368.0,11616887.0,13651464.0,15979499.0,18512394.0
Malta,MLT,-11710.0,-12601.0,-9682.0,-4843.0,2553.0,1159.0,1630.0,6378.0,5611.0,5737.0,15505.0,4501.0,323900.0,311550.0,302450.0,306970.0,325898.0,344485.0,367618.0,382791.0,395969.0,406724.0,420028.0,467999.0
Myanmar,MMR,0.0,0.0,0.0,0.0,-54656.0,-200000.0,-713704.0,-537998.0,-1208092.0,-1336928.0,-528211.0,-816564.0,22697667.0,25410060.0,28570097.0,32026742.0,35734272.0,39404335.0,42401684.0,45027233.0,47702171.0,49621475.0,51413698.0,53382581.0
Middle East & North Africa (excluding high income),MNA,-799076.0,-1172482.0,-1770374.0,-1384107.0,890908.0,65099.0,-633594.0,-1570865.0,-1647749.0,-2232812.0,-3804006.0,-3197316.0,102808053.0,117503859.0,134051043.0,152881209.0,177185670.0,206447530.0,237828663.0,264504166.0,289264324.0,315573347.0,345004009.0,376546755.0
Montenegro,MNE,-2001.0,-53773.0,-2001.0,-7401.0,-2001.0,-29965.0,-20249.0,-21588.0,-7999.0,-683.0,-3112.0,-2400.0,502558.0,522796.0,521785.0,557576.0,587001.0,608144.0,608516.0,609520.0,609828.0,615875.0,620601.0,622373.0
Mongolia,MNG,0.0,0.0,0.0,0.0,0.0,0.0,-88432.0,-52463.0,-15001.0,-10998.0,-4262.0,-4262.0,1011324.0,1173191.0,1356670.0,1562209.0,1777727.0,2033344.0,2243495.0,2335734.0,2443271.0,2593820.0,2824699.0,3113779.0
Northern Mariana Islands,MNP,,,,,,,,,,,,,10436.0,11721.0,13882.0,15048.0,20167.0,36377.0,46476.0,50056.0,58420.0,55219.0,54311.0,56562.0
Mozambique,MOZ,-23500.0,-23500.0,-23500.0,87373.0,-376378.0,-1336060.0,642368.0,-50000.0,30004.0,-40000.0,-25000.0,-25000.0,7507303.0,8417702.0,9446240.0,10738533.0,12189824.0,12786349.0,13806001.0,16397183.0,18764155.0,21673316.0,24862648.0,28649007.0
Mauritania,MRT,-1820.0,-2760.0,-5950.0,-9700.0,-16100.0,-39998.0,-44622.0,-44003.0,-10004.0,10001.0,25002.0,25002.0,901686.0,1047344.0,1217446.0,1411140.0,1633652.0,1879763.0,2142645.0,2433563.0,2778099.0,3202517.0,3706554.0,4282574.0
Mauritius,MUS,-30869.0,-29156.0,-20463.0,-20617.0,-21632.0,-35977.0,-5611.0,-8858.0,-19372.0,-12079.0,-12079.0,0.0,700349.0,783917.0,852053.0,921379.0,992521.0,1036082.0,1084441.0,1148284.0,1204621.0,1239630.0,1255882.0,1264613.0
Malawi,MWI,0.0,0.0,-15002.0,13999.0,0.0,877076.0,-861893.0,-59163.0,-59163.0,-59163.0,-80263.0,-80263.0,3839043.0,4350452.0,4958549.0,5717953.0,6565985.0,8141146.0,9685973.0,10264906.0,11713664.0,13341806.0,15396005.0,17670260.0
Malaysia,MYS,-58601.0,-139279.0,-135303.0,-5443.0,-77285.0,425455.0,292354.0,516689.0,671473.0,761878.0,249999.0,249999.0,8692342.0,10046325.0,11324277.0,12790312.0,14471211.0,16522000.0,19002656.0,21562793.0,24208391.0,26720370.0,29068159.0,31105028.0
North America,NAC,2014419.0,2167171.0,3647450.0,4191514.0,3756399.0,4226070.0,5154309.0,9643489.0,6386906.0,6755187.0,6203132.0,5984188.0,205198600.0,219176000.0,232168663.0,244018243.0,256836391.0,268793450.0,284943859.0,302623445.0,319048184.0,334185120.0,348610010.0,361592733.0
Namibia,NAM,0.0,-1078.0,-2696.0,-44298.0,-29069.0,38106.0,-17280.0,-21174.0,-941.0,8713.0,-37034.0,-24030.0,665115.0,753688.0,868958.0,992956.0,1105104.0,1286797.0,1516958.0,1698032.0,1851523.0,2006514.0,2194784.0,2402603.0
New Caledonia,NCL,3347.0,1406.0,8190.0,30.0,-3292.0,-488.0,6328.0,7075.0,4000.0,1705.0,3003.0,2510.0,83400.0,96500.0,125500.0,136000.0,145700.0,160500.0,179799.0,201418.0,221490.0,239250.0,259000.0,280350.0
Niger,NER,-11545.0,-11545.0,-13763.0,-18138.0,-92946.0,-77917.0,-2679.0,-9944.0,-9497.0,-20001.0,18911.0,20001.0,3588228.0,4144592.0,4768227.0,5491153.0,6343523.0,7328943.0,8566770.0,10178201.0,12189983.0,14685399.0,17795191.0,21602472.0
Nigeria,NGA,1021.0,-43347.0,-38526.0,820713.0,-677063.0,-91407.0,-95769.0,-95027.0,-170000.0,-300000.0,-300000.0,-300000.0,47029822.0,52342233.0,58665808.0,67203128.0,77427546.0,88048032.0,100161710.0,113457663.0,128596076.0,146339977.0,167228767.0,190873311.0
Nicaragua,NIC,-14020.0,-19010.0,-37980.0,-58030.0,-110020.0,-150030.0,-120040.0,-145020.0,-174010.0,-155010.0,-135020.0,-106360.0,1887425.0,2197298.0,2558699.0,2985489.0,3455123.0,3909671.0,4364512.0,4827661.0,5219328.0,5590055.0,5982526.0,6384855.0
Netherlands,NLD,11589.0,54636.0,186745.0,145804.0,71525.0,139748.0,186409.0,178553.0,146020.0,65713.0,62687.0,80000.0,11805689.0,12598201.0,13328593.0,13856185.0,14312690.0,14665037.0,15184166.0,15610650.0,16148929.0,16381696.0,16754962.0,17131296.0
Norway,NOR,-2274.0,4178.0,15870.0,20728.0,24805.0,38715.0,46903.0,58773.0,67400.0,163433.0,221814.0,140000.0,3638918.0,3784539.0,3933004.0,4043205.0,4114787.0,4186905.0,4286401.0,4405157.0,4538159.0,4709153.0,5018573.0,5276968.0
Nepal,NPL,-70000.0,-21075.0,-5799.0,-41002.0,-101147.0,-216407.0,76064.0,-464703.0,-772525.0,-971580.0,-2040239.0,208549.0,10433145.0,11382967.0,12583140.0,14028536.0,15729431.0,17623693.0,19938320.0,22584775.0,24725627.0,26382581.0,26989862.0,27627124.0
Nauru,NRU,,,,,,,,,,,,,4944.0,6223.0,6803.0,7399.0,8018.0,8865.0,10030.0,10647.0,10102.0,9842.0,10279.0,12876.0
New Zealand,NZL,54391.0,-2624.0,76678.0,-74794.0,-2908.0,-9418.0,118016.0,42584.0,134629.0,62413.0,90895.0,74403.0,2482000.0,2724100.0,2903900.0,3120200.0,3156100.0,3274400.0,3531700.0,3781300.0,3948500.0,4223800.0,4408100.0,4793900.0
OECD members,OED,2777138.0,2528136.0,4999706.0,3928760.0,2999967.0,4729279.0,8503285.0,10845290.0,13619817.0,15004630.0,14992530.0,16409707.0,831669776.0,886582531.0,938803048.0,988303177.0,1034755341.0,1076848314.0,1124867021.0,1171146674.0,1214754896.0,1260210156.0,1302076238.0,1344863242.0
Oman,OMN,-10000.0,-5000.0,25470.0,76409.0,81500.0,11169.0,104700.0,-193372.0,15000.0,267000.0,885782.0,437000.0,578823.0,660114.0,776380.0,977804.0,1290111.0,1619863.0,1983275.0,2249762.0,2334858.0,2657158.0,3498029.0,4665935.0
Other small states,OSS,-85621.0,-36325.0,-32306.0,-24524.0,59141.0,192078.0,-241409.0,-40858.0,216576.0,1177812.0,633531.0,470312.0,9485204.0,10406026.0,11488089.0,12737735.0,14253289.0,16180181.0,18156566.0,19809624.0,21639132.0,24104670.0,27227319.0,30148800.0
Pakistan,PAK,-93268.0,-209978.0,-138106.0,672203.0,1387118.0,139790.0,-1023387.0,470909.0,-650182.0,-339805.0,-1079167.0,-1166895.0,47198878.0,53655789.0,61381987.0,70958169.0,83431605.0,98285755.0,113911126.0,131057431.0,149549700.0,167808105.0,187281475.0,207896686.0
Panama,PAN,-11928.0,-12692.0,-12288.0,-14077.0,-12704.0,-9395.0,1954.0,9797.0,16119.0,22244.0,28105.0,56000.0,1202449.0,1393825.0,1607796.0,1837800.0,2073757.0,2318264.0,2575954.0,2853913.0,3149188.0,3453675.0,3770624.0,4106771.0
Peru,PER,-29300.0,-48900.0,-82600.0,-94100.0,-175500.0,-280600.0,-354600.0,-255800.0,-909782.0,-1202758.0,-624809.0,495345.0,10749466.0,12386879.0,14221961.0,16258321.0,18426415.0,20691283.0,22966818.0,25210954.0,27100968.0,28333052.0,29506788.0,31444297.0
Philippines,PHL,-218063.0,-470430.0,-375090.0,-476561.0,-292444.0,-314676.0,-698877.0,-949346.0,-1244356.0,-1548077.0,-834619.0,-335758.0,28077339.0,32823968.0,37923396.0,43629412.0,50023563.0,57263836.0,65020116.0,73030884.0,81365258.0,89405482.0,97212638.0,105173264.0
Palau,PLW,,,,,,,,,,,,,10317.0,11326.0,12340.0,12646.0,12516.0,14123.0,15856.0,18014.0,19637.0,19158.0,17640.0,17808.0
Papua New Guinea,PNG,5860.0,9476.0,-6419.0,-8646.0,10704.0,4723.0,-21116.0,-26081.0,-84417.0,38578.0,-3999.0,-3999.0,2340352.0,2596820.0,2918139.0,3302633.0,3768483.0,4292563.0,4836217.0,5446641.0,6098621.0,6808514.0,7631002.0,8438029.0
Poland,POL,-62544.0,-143114.0,-170903.0,-106595.0,-119193.0,-304973.0,-159999.0,-85199.0,-183471.0,-178456.0,-320806.0,-146976.0,30308500.0,31987155.0,33055650.0,34689050.0,36230481.0,37668045.0,38363667.0,38649660.0,38230364.0,38120560.0,38063164.0,37974826.0
Pre-demographic dividend,PRE,-288106.0,-322566.0,-458682.0,917736.0,-5416165.0,-4079710.0,1892869.0,-3496049.0,-740394.0,-4795429.0,-1626190.0,-2213380.0,196349224.0,221539671.0,252097524.0,290664899.0,335003787.0,381918512.0,440397767.0,507968946.0,582828705.0,672318833.0,775573001.0,894512725.0
Puerto Rico,PRI,-91587.0,-134255.0,-41031.0,-19579.0,-48420.0,-55192.0,-296.0,-30450.0,-145704.0,-138043.0,-242701.0,-489932.0,2450322.0,2645674.0,2817256.0,3088690.0,3277453.0,3441850.0,3585176.0,3759430.0,3823701.0,3782995.0,3634488.0,3325286.0
"Korea, Dem. Peopleâ€™s Rep.",PRK,0.0,0.0,0.0,0.0,0.0,0.0,0.0,-13932.0,-17190.0,-24681.0,-27013.0,-27013.0,11871712.0,13222694.0,15207771.0,16796578.0,18008564.0,19431986.0,20937404.0,22335267.0,23339453.0,24188331.0,24800612.0,25429985.0
Portugal,PRT,-545329.0,-697165.0,108187.0,198629.0,-66894.0,-147873.0,149122.0,173604.0,178353.0,92133.0,-140000.0,-30001.0,8993985.0,8874520.0,8630430.0,9455675.0,9911771.0,10030031.0,9952494.0,10108977.0,10419631.0,10542964.0,10514844.0,10300300.0
Paraguay,PRY,-70930.0,-66170.0,-59110.0,-46560.0,-21310.0,-17340.0,-31180.0,-44090.0,-47150.0,-117900.0,-87130.0,-82780.0,2006670.0,2290798.0,2597154.0,2935712.0,3368773.0,3891734.0,4445016.0,4998100.0,5531962.0,5998427.0,6421512.0,6867062.0
West Bank and Gaza,PSE,-77646.0,-281841.0,-32255.0,-83697.0,-61453.0,-39345.0,35005.0,69998.0,-190001.0,-103670.0,-157065.0,-52816.0,,,,,,,2163591.0,2706518.0,3075373.0,3494496.0,3979998.0,4454805.0
Pacific island small states,PSS,-5058.0,-24203.0,-44991.0,-54097.0,-53736.0,-111994.0,-72508.0,-92527.0,-107315.0,-76641.0,-90466.0,-63416.0,923306.0,1071175.0,1202157.0,1332894.0,1487852.0,1630891.0,1750921.0,1893444.0,2006078.0,2128664.0,2268708.0,2422086.0
Post-demographic dividend,PST,3690159.0,3994590.0,6548071.0,6161566.0,5306758.0,7381111.0,10019730.0,12996283.0,15815417.0,16311822.0,14432469.0,13892345.0,774755029.0,818025942.0,857079394.0,891242779.0,921480888.0,946693323.0,977682877.0,1005700210.0,1030561684.0,1057981931.0,1082327434.0,1105771602.0
French Polynesia,PYF,3190.0,3344.0,5001.0,4674.0,3650.0,-359.0,-3424.0,3483.0,77.0,-9019.0,-8016.0,-5000.0,83655.0,99995.0,118440.0,139891.0,162685.0,186584.0,207245.0,226866.0,248972.0,262721.0,268998.0,276103.0
Qatar,QAT,16393.0,21061.0,34368.0,28387.0,102097.0,57517.0,-10132.0,29506.0,213916.0,914602.0,604852.0,200000.0,56262.0,86302.0,130500.0,182318.0,277226.0,422148.0,495395.0,535321.0,640868.0,1218434.0,2196074.0,2724724.0
Romania,ROU,-2001.0,-2001.0,-2001.0,-99999.0,-200000.0,-200000.0,-520001.0,-580778.0,-468204.0,-774651.0,-300001.0,-369997.0,18676550.0,19534242.0,20657957.0,21756096.0,22475741.0,22949430.0,22794284.0,22553978.0,21730496.0,20882982.0,20058035.0,19587290.0
Russian Federation,RUS,-1387844.0,-549722.0,-296861.0,614394.0,1100559.0,890253.0,2490121.0,2374657.0,1778101.0,2326672.0,1800600.0,912279.0,122591000.0,128196000.0,131909000.0,136100000.0,140823000.0,145908000.0,148538197.0,147915361.0,145306497.0,142805114.0,143201721.0,144496740.0
Rwanda,RWA,-140001.0,20000.0,-20000.0,-20000.0,-50002.0,29999.0,-1374270.0,1244966.0,-72601.0,-79767.0,-108094.0,-44998.0,3052936.0,3420895.0,3987224.0,4655383.0,5504842.0,6779983.0,6702244.0,6419901.0,8427060.0,9273757.0,10549678.0,11980937.0
South Asia,SAS,-454118.0,-787125.0,-1235735.0,-776350.0,-2671138.0,-1914631.0,444901.0,-2726443.0,-4485954.0,-8781410.0,-7680665.0,-6215366.0,597494449.0,666908582.0,746911716.0,838819925.0,944315187.0,1060208539.0,1184133314.0,1313346377.0,1442644058.0,1568003159.0,1683747130.0,1792835608.0
Saudi Arabia,SAU,125989.0,187007.0,483318.0,788719.0,1383529.0,716825.0,-110000.0,-350000.0,747996.0,1073093.0,1722804.0,674895.0,4362786.0,5195135.0,6392970.0,8207697.0,10988853.0,14445671.0,17282691.0,19407142.0,21805313.0,25184597.0,29155187.0,33099147.0
Sudan,SDN,0.0,0.0,20002.0,180000.0,219998.0,150000.0,645810.0,-602679.0,-546005.0,-982687.0,-538145.0,-250001.0,8004121.0,9337657.0,10974622.0,13034625.0,15562125.0,18303435.0,21696244.0,25413917.0,28704778.0,32360621.0,36193783.0,40813396.0
Senegal,SEN,50002.0,86522.0,65586.0,-134783.0,-85108.0,-60291.0,-77004.0,-227553.0,-202487.0,-218014.0,-214002.0,-100001.0,3386806.0,3899644.0,4522893.0,5181514.0,5909739.0,6875754.0,7990096.0,9130877.0,10283699.0,11687080.0,13401991.0,15419381.0
Singapore,SGP,428.0,-365.0,5881.0,14273.0,137812.0,119802.0,297845.0,321578.0,92772.0,721338.0,317028.0,135142.0,1750200.0,1977600.0,2152400.0,2325300.0,2646466.0,2774789.0,3230698.0,3796038.0,4175950.0,4588599.0,5312437.0,5612253.0
Solomon Islands,SLB,2359.0,1461.0,431.0,-2416.0,-3420.0,-8504.0,-6682.0,-5285.0,-8445.0,-14256.0,-7998.0,-7998.0,125040.0,145317.0,172552.0,207890.0,246447.0,286870.0,329995.0,379999.0,435432.0,492132.0,556064.0,636038.0
Sierra Leone,SLE,0.0,0.0,0.0,0.0,0.0,62745.0,-450000.0,-150000.0,500000.0,60000.0,-21000.0,-21000.0,2388769.0,2596805.0,2854872.0,3170508.0,3540170.0,4038144.0,4347724.0,4335301.0,4965766.0,5989633.0,6712581.0,7488431.0
El Salvador,SLV,-24031.0,-44306.0,-90977.0,-164230.0,-231749.0,-256685.0,-265152.0,-326853.0,-312786.0,-285671.0,-240415.0,-202694.0,2931192.0,3387383.0,3867309.0,4338458.0,4737257.0,5067537.0,5416323.0,5746284.0,5962136.0,6105810.0,6237923.0,6388122.0
San Marino,SMR,,,,,,,,,,,,,16255.0,18307.0,19494.0,20397.0,22037.0,23295.0,24822.0,26562.0,28175.0,30063.0,32105.0,33671.0
Somalia,SOM,-1328.0,1910.0,0.0,1796103.0,-454532.0,-410787.0,-822004.0,0.0,0.0,-199997.0,-233405.0,-200002.0,2874218.0,3227841.0,3479790.0,4802141.0,6608044.0,6862273.0,7295384.0,7936127.0,9501342.0,11080121.0,12715510.0,14589119.0
Serbia,SRB,-88140.0,-89744.0,-20651.0,7680.0,-10360.0,-27488.0,178348.0,-495902.0,-276331.0,-119556.0,29559.0,20000.0,6696000.0,6880000.0,7053000.0,7258000.0,7440000.0,7558000.0,7646424.0,7596501.0,7496522.0,7381579.0,7199077.0,7020858.0
Sub-Saharan Africa (excluding high income),SSA,-365058.0,-452576.0,-544175.0,-567688.0,-1485109.0,-1166784.0,-438242.0,-1504668.0,-1473316.0,-2285319.0,-3000685.0,-1813121.0,237377307.0,268238396.0,305451192.0,350825505.0,404631969.0,466948587.0,537091265.0,613828768.0,699777823.0,799583871.0,916382788.0,1048793216.0
South Sudan,SSD,0.0,0.0,25000.0,60000.0,150000.0,-416233.0,-1097076.0,300000.0,432000.0,846611.0,-100000.0,-870998.0,2951043.0,3268405.0,3661440.0,4144554.0,4799434.0,5419809.0,5305457.0,5411655.0,6688226.0,8315139.0,10113647.0,10910759.0
Sub-Saharan Africa,SSF,-396911.0,-482842.0,-564470.0,-588604.0,-1509927.0,-1207957.0,-443350.0,-1513781.0,-1490054.0,-2300123.0,-3013764.0,-1814121.0,238121698.0,269072224.0,306359274.0,351808670.0,405688903.0,468053168.0,538246469.0,615054371.0,701066167.0,800908534.0,917726973.0,1050153672.0
Small states,SST,-353511.0,-359138.0,-361987.0,-349694.0,-260709.0,-261803.0,-550317.0,-363504.0,-67522.0,958718.0,451614.0,319841.0,14762138.0,16189727.0,17702858.0,19373936.0,21359026.0,23705899.0,26020302.0,28081620.0,30250175.0,33066727.0,36568692.0,39885876.0
Sao Tome and Principe,STP,-9152.0,-744.0,-2509.0,-1221.0,-5999.0,-2190.0,-5599.0,-9551.0,-8400.0,-3391.0,-8400.0,-8401.0,64479.0,68047.0,77934.0,88110.0,99473.0,110254.0,124576.0,135832.0,147447.0,166300.0,188404.0,207089.0
Suriname,SUR,-11050.0,-13862.0,-56820.0,-40352.0,-31771.0,-4845.0,-5195.0,-10189.0,-9124.0,-6485.0,-5000.0,-4999.0,303895.0,347660.0,367907.0,357659.0,360920.0,381037.0,420655.0,454161.0,482235.0,511181.0,541245.0,570496.0
Slovak Republic,SVK,-26427.0,-57838.0,-15254.0,-9696.0,-34777.0,-35312.0,-15108.0,-2964.0,1199.0,-8855.0,11346.0,7423.0,4238188.0,4449367.0,4596622.0,4840501.0,5055099.0,5222840.0,5305016.0,5383291.0,5376912.0,5374622.0,5407579.0,5439232.0
Slovenia,SVN,-22059.0,-14950.0,17942.0,34686.0,68363.0,32609.0,-17461.0,1487.0,14998.0,39348.0,16571.0,9999.0,1603649.0,1689528.0,1752233.0,1842377.0,1910334.0,1989776.0,1996498.0,1985956.0,1994530.0,2018122.0,2057159.0,2066388.0
Sweden,SWE,80351.0,130980.0,18798.0,88567.0,29799.0,134569.0,156460.0,58470.0,141723.0,262453.0,253958.0,200000.0,7561588.0,7867931.0,8122300.0,8251540.0,8325263.0,8397804.0,8668067.0,8846062.0,8924958.0,9148092.0,9519374.0,10057698.0
Eswatini,SWZ,-12011.0,-3966.0,-11426.0,-10100.0,-9310.0,-2218.0,-23252.0,-25847.0,-47814.0,-38219.0,-41764.0,-41764.0,350156.0,394757.0,457039.0,532260.0,629811.0,748632.0,866993.0,963426.0,1019059.0,1042652.0,1079288.0,1124753.0
Sint Maarten (Dutch part),SXM,,,,,,,,,,,,,,,,,,,,,30777.0,33811.0,34640.0,40574.0
Seychelles,SYC,-984.0,-1110.0,168.0,-299.0,-3186.0,-5196.0,503.0,-255.0,2634.0,-2725.0,-1000.0,-1000.0,44042.0,49911.0,56029.0,61786.0,64413.0,68499.0,70763.0,77319.0,83723.0,85033.0,88303.0,95843.0
Syrian Arab Republic,SYR,-16000.0,-16000.0,-81501.0,-161672.0,-87001.0,-146501.0,-70000.0,-130000.0,-379910.0,370000.0,-5386986.0,-2136954.0,4875422.0,5740710.0,6800141.0,8060649.0,9590227.0,11360852.0,13187663.0,15175316.0,17084632.0,19878254.0,20442541.0,17068002.0
Turks and Caicos Islands,TCA,,,,,,,,,,,,,5884.0,5764.0,6157.0,7198.0,8654.0,10724.0,13632.0,17567.0,23232.0,30385.0,34066.0,37115.0
Chad,TCD,-5000.0,-40950.0,-49050.0,-175500.0,-131245.0,1418.0,-10374.0,69444.0,218966.0,75000.0,100000.0,10000.0,3121236.0,3434825.0,3815260.0,4255248.0,4718162.0,5412847.0,6356748.0,7503493.0,9019233.0,10818024.0,12784750.0,15016773.0
East Asia & Pacific (IDA & IBRD countries),TEA,-951548.0,-476764.0,-888388.0,-1119832.0,-303942.0,-272668.0,-2770604.0,-960390.0,-5591320.0,-6869538.0,-3741241.0,-3763991.0,894536179.0,1017110646.0,1161692276.0,1281596026.0,1387365773.0,1507322668.0,1631566815.0,1737388752.0,1826238744.0,1899800530.0,1969562739.0,2042687863.0
Europe & Central Asia (IDA & IBRD countries),TEC,-146288.0,222987.0,-691999.0,-420808.0,-41405.0,-1772394.0,-3486794.0,-2968741.0,-581069.0,400617.0,2395271.0,1324001.0,317744152.0,339692822.0,358451353.0,377959114.0,397542972.0,417635059.0,431065071.0,434473525.0,433541379.0,435646364.0,444898523.0,456976356.0
Togo,TGO,-77885.0,138923.0,-49999.0,-100000.0,50001.0,-20000.0,-116499.0,80000.0,-33000.0,-10598.0,-9994.0,-9999.0,1612755.0,1855442.0,2247582.0,2518457.0,2915620.0,3471739.0,3945905.0,4485951.0,5197031.0,5920359.0,6773807.0,7698475.0
Thailand,THA,0.0,0.0,395572.0,287226.0,339923.0,504404.0,-607538.0,715832.0,373746.0,59008.0,167314.0,97222.0,29080938.0,33778799.0,39058603.0,44405904.0,49255900.0,53945881.0,57811021.0,60846582.0,64069087.0,66182067.0,67835957.0,69209858.0
Tajikistan,TJK,53337.0,65780.0,28033.0,22800.0,12417.0,-31508.0,-232301.0,-237255.0,-144939.0,-145788.0,-136974.0,-99999.0,2236574.0,2662253.0,3111282.0,3586515.0,4140295.0,4844002.0,5502494.0,5938405.0,6426867.0,7062672.0,7874835.0,8880268.0
Turkmenistan,TKM,26783.0,28147.0,25346.0,-5070.0,-35795.0,-39702.0,43633.0,-64674.0,-125883.0,-62717.0,-50002.0,-25001.0,1715408.0,2011764.0,2324015.0,2664258.0,3019066.0,3407321.0,3899843.0,4355116.0,4610005.0,4870141.0,5267900.0,5757669.0
Latin America & the Caribbean (IDA & IBRD countries),TLA,-1293289.0,-1759267.0,-2378615.0,-3280368.0,-3154465.0,-3853301.0,-4160937.0,-4487381.0,-5031136.0,-3429658.0,-2481659.0,-2050462.0,221676247.0,253607422.0,287442506.0,323363605.0,362272006.0,402742151.0,442751039.0,482112370.0,519420818.0,553909981.0,587002346.0,618632726.0
Timor-Leste,TLS,0.0,0.0,0.0,-51400.0,0.0,0.0,0.0,-81574.0,-27870.0,-38074.0,-28030.0,-26924.0,491571.0,538909.0,600192.0,619816.0,613238.0,686471.0,783198.0,861866.0,922694.0,1036392.0,1132994.0,1243261.0
Middle East & North Africa (IDA & IBRD countries),TMN,-721430.0,-890641.0,-1738119.0,-1300410.0,952361.0,104444.0,-668599.0,-1640863.0,-1457748.0,-2129142.0,-3646941.0,-3144500.0,102808053.0,117503859.0,134051043.0,152881209.0,177185670.0,206447530.0,235665072.0,261797648.0,286188951.0,312078851.0,341024011.0,372091950.0
Tonga,TON,424.0,-2881.0,-7485.0,-7815.0,-12375.0,-10786.0,-10980.0,-8435.0,-7835.0,-7761.0,-12992.0,-3999.0,66235.0,79029.0,86323.0,90273.0,93641.0,94321.0,95399.0,96619.0,99022.0,102581.0,102737.0,101998.0
South Asia (IDA & IBRD),TSA,-454118.0,-787125.0,-1235735.0,-776350.0,-2671138.0,-1914631.0,444901.0,-2726443.0,-4485954.0,-8781410.0,-7680665.0,-6215366.0,597494449.0,666908582.0,746911716.0,838819925.0,944315187.0,1060208539.0,1184133314.0,1313346377.0,1442644058.0,1568003159.0,1683747130.0,1792835608.0
Sub-Saharan Africa (IDA & IBRD countries),TSS,-396911.0,-482842.0,-564470.0,-588604.0,-1509927.0,-1207957.0,-443350.0,-1513781.0,-1490054.0,-2300123.0,-3013764.0,-1814121.0,238121698.0,269072224.0,306359274.0,351808670.0,405688903.0,468053168.0,538246469.0,615054371.0,701066167.0,800908534.0,917726973.0,1050153672.0
Trinidad and Tobago,TTO,-56797.0,-61309.0,-28896.0,-29937.0,-33669.0,-45387.0,-32813.0,-34262.0,-17490.0,-18605.0,-3999.0,-3999.0,879441.0,925235.0,968136.0,1039212.0,1120020.0,1194541.0,1236683.0,1259848.0,1277213.0,1308451.0,1344817.0,1384072.0
Tunisia,TUN,-142495.0,-96523.0,-97065.0,-72068.0,85582.0,48999.0,140341.0,-39804.0,-143045.0,-40641.0,-150000.0,-20000.0,4305481.0,4740511.0,5291338.0,5919965.0,6740529.0,7700736.0,8613861.0,9395123.0,9871251.0,10304726.0,10847002.0,11433443.0
Turkey,TUR,-149999.0,-180001.0,-240000.0,-259998.0,-70001.0,-100001.0,-120000.0,-99999.0,-39998.0,-50000.0,1763078.0,1419610.0,28832827.0,32477992.0,36587261.0,41108297.0,46025411.0,51100924.0,55748948.0,60372568.0,65145367.0,69581848.0,74653016.0,81101892.0
Tuvalu,TUV,,,,,,,,,,,,,5340.0,5511.0,5790.0,6650.0,7956.0,8485.0,9112.0,9323.0,9596.0,10221.0,10739.0,11370.0
Tanzania,TZA,25040.0,36058.0,120202.0,-25040.0,35062.0,68117.0,584095.0,-400706.0,-300523.0,-500853.0,-250435.0,-200381.0,10651962.0,12348189.0,14428340.0,16905214.0,19723322.0,22971200.0,26961197.0,31192857.0,35334788.0,40681414.0,47052481.0,54663906.0
Uganda,UGA,124999.0,50004.0,-276112.0,-179999.0,-120001.0,200002.0,109998.0,-180002.0,-250002.0,-500000.0,-299994.0,843469.0,7215796.0,8550443.0,9929636.0,11368615.0,13221991.0,15612754.0,18561674.0,21655398.0,25167257.0,29486338.0,34559168.0,41162465.0
Ukraine,UKR,455769.0,268767.0,206203.0,104383.0,189092.0,0.0,74421.0,-462264.0,-165445.0,269541.0,132154.0,50001.0,43752230.0,46063228.0,47783005.0,49287127.0,50384000.0,51293000.0,52150400.0,50594600.0,48202470.0,46509355.0,45593342.0,44831135.0
Upper middle income,UMC,-2645293.0,-1403046.0,-2910035.0,-2498778.0,192545.0,-2232497.0,-5908984.0,-3882201.0,-4680642.0,-4408478.0,3260948.0,-1562415.0,1258013195.0,1418202808.0,1600432684.0,1761484935.0,1912987008.0,2080076812.0,2244690386.0,2381988263.0,2499370901.0,2601881261.0,2706458199.0,2817771263.0
Uruguay,URY,-6000.0,-34000.0,-136000.0,-60000.0,-30000.0,-30000.0,-20000.0,-26000.0,-104000.0,-50000.0,-30000.0,-15000.0,2603882.0,2750086.0,2821461.0,2856958.0,2953852.0,3049581.0,3154464.0,3270164.0,3326040.0,3331749.0,3378974.0,3436646.0
United States,USA,1835728.0,1556054.0,2889346.0,3770881.0,3382460.0,3366853.0,4463754.0,8859954.0,5334893.0,5428756.0,4961716.0,4774029.0,186538000.0,198712000.0,209896000.0,220239000.0,231664000.0,242289000.0,256514000.0,272657000.0,287625193.0,301231207.0,313830990.0,324985539.0
Uzbekistan,UZB,161627.0,446173.0,70667.0,72079.0,-185170.0,-356031.0,-322777.0,-242636.0,-242297.0,-140130.0,-66469.0,-44314.0,9113620.0,10889509.0,12796980.0,14643875.0,16747426.0,18976417.0,21449000.0,23667000.0,25271850.0,26868000.0,29774500.0,32388600.0
St. Vincent and the Grenadines,VCT,-9356.0,-9706.0,-8448.0,-7246.0,-7350.0,-7183.0,-8721.0,-7971.0,-5298.0,-5696.0,-2934.0,-1000.0,83237.0,87777.0,92513.0,97701.0,102256.0,105906.0,107950.0,107895.0,108097.0,108518.0,108435.0,109827.0
"Venezuela, RB",VEN,18870.0,3160.0,940.0,1120.0,1380.0,920.0,-2270.0,-4540.0,-22740.0,-200220.0,-431040.0,-3266243.0,8742777.0,10359745.0,12097694.0,13964379.0,16017573.0,18232730.0,20557683.0,22837743.0,25100408.0,27247610.0,29362449.0,29390409.0
British Virgin Islands,VGB,,,,,,,,,,,,,8310.0,9222.0,10208.0,10928.0,12249.0,15407.0,18438.0,19665.0,21129.0,25047.0,28650.0,29577.0
Virgin Islands (U.S.),VIR,10270.0,3245.0,9407.0,1961.0,-3492.0,-11156.0,-4618.0,-3936.0,-5272.0,-6267.0,-4501.0,-2254.0,35000.0,49100.0,76319.0,93203.0,100068.0,100901.0,105712.0,108357.0,108510.0,108339.0,108191.0,107268.0
Vietnam,VNM,0.0,0.0,0.0,-858895.0,-327564.0,-332327.0,-394236.0,-216001.0,-650999.0,-799969.0,-399999.0,-399999.0,34683407.0,40072948.0,45548479.0,50861162.0,56814306.0,63701972.0,70883481.0,77133214.0,81534407.0,85419591.0,89802487.0,94596642.0
Vanuatu,VUT,-652.0,-1213.0,776.0,-435.0,-4003.0,-3616.0,-948.0,-7385.0,-2574.0,-3275.0,1785.0,600.0,67794.0,78499.0,90809.0,106200.0,121395.0,136079.0,155170.0,174921.0,193920.0,219472.0,249499.0,285510.0
World,WLD,0.0,0.0,0.0,0.0,0.0,0.0,0.0,0.0,0.0,0.0,0.0,0.0,3125456671.0,3462460201.0,3836892580.0,4207766711.0,4592341169.0,5012555212.0,5452349932.0,5872254361.0,6272752974.0,6674203658.0,7085763408.0,7509065705.0
Samoa,WSM,-3402.0,-6803.0,-14914.0,-18979.0,-18695.0,-19526.0,-13998.0,-17141.0,-15641.0,-15085.0,-12189.0,-14013.0,115776.0,134177.0,147296.0,153224.0,157372.0,160965.0,165490.0,172068.0,176407.0,182046.0,189088.0,195352.0
Kosovo,XKX,,,,,,,,,,,,,994000.0,1135000.0,1278000.0,1430000.0,1582000.0,1753000.0,1932000.0,2086000.0,1702310.0,1733404.0,1807106.0,1791003.0
"Yemen, Rep.",YEM,-100000.0,-245662.0,-360993.0,-75000.0,-50000.0,-50000.0,607781.0,-100000.0,-112150.0,-65768.0,-75010.0,-150000.0,5473671.0,5907874.0,6390574.0,7178675.0,8541605.0,10322043.0,12954155.0,15975668.0,18443691.0,21282515.0,24473178.0,27834821.0
South Africa,ZAF,106550.0,199359.0,222659.0,73316.0,180998.0,-118001.0,852860.0,639902.0,788982.0,862221.0,919697.0,727026.0,17965725.0,20406864.0,23281508.0,26480913.0,30150448.0,34297727.0,38672607.0,42987461.0,46150913.0,49119759.0,52834005.0,57000451.0
Zambia,ZMB,-35328.0,-22042.0,-20000.0,-25000.0,10000.0,-75000.0,-150000.0,20000.0,-150000.0,-175000.0,-50000.0,-40000.0,3260650.0,3797873.0,4466174.0,5287548.0,6265864.0,7372837.0,8451347.0,9597609.0,10971698.0,12502958.0,14465121.0,16853688.0
Zimbabwe,ZWE,-15009.0,-42001.0,-45547.0,-152283.0,99068.0,84354.0,-298236.0,-524671.0,-697817.0,-512676.0,-622997.0,-584288.0,4039201.0,4779827.0,5673911.0,6712827.0,7958241.0,9527203.0,10900502.0,11653242.0,11954290.0,12255922.0,13115131.0,14236745.0
