,Country Name,Country Code,Indicator Name,Indicator Code,1962,1967,1972,1977,1982,1987,1992,1997,2002,2007,2012,2017,Indicator Name,Indicator Code,1962,1967,1972,1977,1982,1987,1992,1997,2002,2007,2012,2017
0,Aruba,ABW,Net migration,SM.POP.NETM,-4323,-4275,-3537,-5470,-1921,-5194,14218,6926,6263,-441,1253,1004,"Population, total",SP.POP.TOTL,56225,58055,59840,60366,61345,61833,68235,85451,94992,101222,102560,105366
1,Afghanistan,AFG,Net migration,SM.POP.NETM,-20000,-20000,-20000,-1153959,-3345095,-1525351,3076383,-867540,744193,-1046361,521769,-314602,"Population, total",SP.POP.TOTL,9351441,10399926,11791215,13171306,12882528,11604534,14485546,19357126,22600770,27100536,31161376,36296400
2,Angola,AGO,Net migration,SM.POP.NETM,-296717,-587286,199800,199800,234148,188491,142812,199800,261100,357301,166267,32066,"Population, total",SP.POP.TOTL,5608539,5774243,6248552,7533735,8952950,10689250,12657366,14871570,17519417,20905363,25107931,29816748
3,Albania,ALB,Net migration,SM.POP.NETM,-99,-99,-99,-99,-99,-99,-443212,-179606,-176774,-217358,-136590,-69998,"Population, total",SP.POP.TOTL,1711319,1965598,2243126,2513546,2784278,3083605,3247039,3148281,3051010,2970017,2900401,2873457
4,Andorra,AND,Net migration,SM.POP.NETM,,,,,,,,,,,,,"Population, total",SP.POP.TOTL,15370,20758,26892,32771,39114,48455,58888,64327,70049,82684,82427,77001
5,Arab World,ARB,Net migration,SM.POP.NETM,-499808,-835129,-920852,1644984,497963,-562598,-255813,-1739489,183214,3760036,47229,-1408824,"Population, total",SP.POP.TOTL,97334442,111899364,128598734,149161891,175061792,203084971,232956352,264822188,294665185,330290716,371443547,411898967
6,United Arab Emirates,ARE,Net migration,SM.POP.NETM,37882,53823,260488,372430,184159,256638,368126,498394,1189616,3592436,270000,200000,"Population, total",SP.POP.TOTL,112118,169771,330974,735344,1164806,1533536,2052891,2671362,3478777,6168838,9141596,9487203
7,Argentina,ARG,Net migration,SM.POP.NETM,122000,130000,142000,-230000,140000,160000,-105000,-128000,-125000,-120000,30000,24000,"Population, total",SP.POP.TOTL,21153052,22828869,24653175,26661398,28794548,31184415,33529326,35657429,37681749,39684295,41733271,44044811
8,Armenia,ARM,Net migration,SM.POP.NETM,70335,103399,86404,17214,-51230,-67528,-496288,-223873,-160521,-183361,-30535,-24989,"Population, total",SP.POP.TOTL,2009526,2339127,2650486,2944383,3193689,3451947,3442817,3133089,3033978,2932618,2884229,2944809
9,American Samoa,ASM,Net migration,SM.POP.NETM,,,,,,,,,,,,,"Population, total",SP.POP.TOTL,21253,25248,28567,30838,34968,42740,49896,55221,59080,58365,55667,55620
10,Antigua and Barbuda,ATG,Net migration,SM.POP.NETM,-1880,-1202,-7018,-4428,-3763,-2890,2231,2469,252,1887,943,0,"Population, total",SP.POP.TOTL,55841,61241,64133,62159,61779,61717,64471,71704,78295,84026,90409,95426
11,Australia,AUS,Net migration,SM.POP.NETM,384343,806193,259531,235744,453572,654209,351078,388419,589282,1210802,989375,791229,"Population, total",SP.POP.TOTL,10742000,11799000,13177000,14192000,15178000,16263900,17495000,18517000,19651400,20827600,22733465,24601860
12,Austria,AUT,Net migration,SM.POP.NETM,15996,50401,82001,5502,18002,110999,227841,65082,178117,153763,267172,324998,"Population, total",SP.POP.TOTL,7129864,7376998,7544201,7568430,7574140,7574586,7840709,7968041,8081957,8295487,8429991,8797566
13,Azerbaijan,AZE,Net migration,SM.POP.NETM,0,-40000,-50466,-50466,-101568,-161568,-115116,-111849,36523,53579,8499,6002,"Population, total",SP.POP.TOTL,4171426,4843868,5385263,5863132,6349553,6893489,7382000,7838250,8171950,8581300,9295784,9854033
14,Burundi,BDI,Net migration,SM.POP.NETM,-84989,-57900,-266496,-150290,-139146,-180004,-320001,-455304,-24721,30004,-70001,10003,"Population, total",SP.POP.TOTL,2907321,3253218,3569666,3854445,4379724,5027138,5685565,6122130,6704113,7862214,9245988,10827024
15,Belgium,BEL,Net migration,SM.POP.NETM,38304,47288,70980,73523,18478,42556,106947,50870,219560,294270,258672,240000,"Population, total",SP.POP.TOTL,9220578,9580991,9711115,9830358,9856303,9870234,10045158,10181245,10332785,10625700,11106932,11375158
16,Benin,BEN,Net migration,SM.POP.NETM,-24295,-23742,-24845,-19393,-10848,-8723,68259,-2851,25005,-48776,-42268,-10000,"Population, total",SP.POP.TOTL,2502896,2735307,3043567,3433439,3927714,4535263,5331803,6281639,7295394,8454793,9729248,11175204
17,Burkina Faso,BFA,Net migration,SM.POP.NETM,-144723,-144723,-170263,-217400,-217400,-183699,-150001,-137499,-125000,-125000,-125000,-125000,"Population, total",SP.POP.TOTL,4960326,5343019,5825173,6398935,7158255,8140073,9297113,10665546,12293100,14252021,16571246,19193284
18,Bangladesh,BGD,Net migration,SM.POP.NETM,-142378,-161822,-3045287,-1137344,-793826,-219363,-813794,-719899,-1492537,-3254778,-2306839,-1847503,"Population, total",SP.POP.TOTL,50752157,59034249,66625705,73463584,83932127,95671163,107983704,120160564,132478086,142660376,151007807,159670593
19,Bulgaria,BGR,Net migration,SM.POP.NETM,-1437,-6423,-43396,-94868,-22346,-184143,-356464,-133824,-85500,-83742,-24472,-24001,"Population, total",SP.POP.TOTL,8012946,8310226,8576200,8804183,8917457,8971359,8540164,8312068,7837161,7545338,7305888,7075947
20,Bahrain,BHR,Net migration,SM.POP.NETM,-4195,-8033,19123,48962,3234,12899,5480,39180,155500,272000,42000,239000,"Population, total",SP.POP.TOTL,173144,196063,229155,303175,385950,448971,523086,594931,735146,1035919,1299943,1494074
21,"Bahamas, The",BHS,Net migration,SM.POP.NETM,13873,13929,949,2981,646,-811,-322,-3001,11877,14536,4999,4999,"Population, total",SP.POP.TOTL,121091,152620,177866,197101,220184,243271,266029,287358,307660,337389,363584,381761
22,Bosnia and Herzegovina,BIH,Net migration,SM.POP.NETM,-50002,-96958,-82247,-74132,-29999,-134587,-740715,-159283,-6000,-59246,-258529,-107926,"Population, total",SP.POP.TOTL,3353226,3632672,3851153,4063193,4265185,4479519,4233676,3736070,3759387,3762786,3604972,3351527
23,Belarus,BLR,Net migration,SM.POP.NETM,-125387,65585,37146,38298,47114,-23021,-63057,56146,-6382,63933,72123,43648,"Population, total",SP.POP.TOTL,8351928,8785648,9188968,9463000,9776000,10111000,10216000,10117000,9865548,9560953,9464495,9498264
24,Belize,BLZ,Net migration,SM.POP.NETM,-2418,-2957,-10665,-13542,-5332,-5404,-9011,11909,5797,8722,7594,6000,"Population, total",SP.POP.TOTL,97384,112692,127150,136989,151500,174320,194324,221580,262378,299025,338000,375769
25,Bermuda,BMU,Net migration,SM.POP.NETM,,,,,,,,,,,,,"Population, total",SP.POP.TOTL,46600,52000,54200,53400,55449,57849,58595,60497,62912,64888,64798,63873
26,Bolivia,BOL,Net migration,SM.POP.NETM,-20760,-23150,-26620,-40130,-73670,-64260,-51670,-64330,-77720,-67700,-57620,-47520,"Population, total",SP.POP.TOTL,3802990,4208676,4682390,5228252,5814345,6442831,7160920,7937458,8742814,9558439,10377676,11192854
27,Brazil,BRA,Net migration,SM.POP.NETM,0,0,0,0,0,0,0,0,0,0,15924,106000,"Population, total",SP.POP.TOTL,76514328,88035814,99859383,112425392,126498314,140891602,154259380,167209040,179537520,190130443,199287296,207833831
28,Barbados,BRB,Net migration,SM.POP.NETM,-17960,-13677,-6934,-5548,-7856,-6311,-5393,-3643,-3188,-249,-397,-397,"Population, total",SP.POP.TOTL,232633,236659,241515,248937,254082,258019,262886,268187,273425,278700,283700,286233
29,Brunei Darussalam,BRN,Net migration,SM.POP.NETM,6422,10843,10886,8293,3622,3684,4770,4188,422,-2257,-901,0,"Population, total",SP.POP.TOTL,89481,112448,142022,174714,206065,237563,273892,311958,346782,374965,398989,424473
30,Bhutan,BTN,Net migration,SM.POP.NETM,5000,10000,10001,10016,797,1595,-58565,143,6171,-10971,300,1600,"Population, total",SP.POP.TOTL,234554,269947,316828,371428,428934,494312,534516,551709,616018,664876,701583,745568
31,Botswana,BWA,Net migration,SM.POP.NETM,-22436,-24198,3992,17744,5203,46821,24296,36443,26928,26928,-73138,14999,"Population, total",SP.POP.TOTL,523778,584092,667092,800529,962875,1154906,1363554,1540425,1704642,1875459,2039551,2205128
32,Central African Republic,CAF,Net migration,SM.POP.NETM,11930,13145,-50000,-1000,40000,-80000,50000,30000,-24405,-125614,-396129,-200000,"Population, total",SP.POP.TOTL,1551910,1708302,1867782,2039919,2335333,2646840,2959236,3392436,3802128,4198010,4436415,4596028
33,Canada,CAN,Net migration,SM.POP.NETM,178691,611117,758104,420633,373939,859217,690555,783535,1052013,1326431,1241416,1210159,"Population, total",SP.POP.TOTL,18614000,20412000,22218463,23725843,25116942,26446601,28371264,29905948,31360079,32889025,34714222,36543321
34,Central Europe and the Baltics,CEB,Net migration,SM.POP.NETM,81694,-200621,-123404,-129100,-321864,-657287,-1411284,-1006566,-804567,-993491,-805917,-642033,"Population, total",SP.POP.TOTL,93009498,97043270,100357161,104616884,107730380,110296425,110111454,109422013,106959751,105378748,103935318,102738653
35,Switzerland,CHE,Net migration,SM.POP.NETM,277152,92978,25185,-135365,81040,130857,247406,65218,186125,344872,397267,259999,"Population, total",SP.POP.TOTL,5573815,5991785,6260956,6281174,6391309,6545106,6875364,7088906,7284753,7551117,7996861,8451840
36,Channel Islands,CHI,Net migration,SM.POP.NETM,2934,3880,4250,1726,5380,6085,1170,2291,1513,5970,3570,6754,"Population, total",SP.POP.TOTL,111457,117474,123614,127183,129979,136762,142006,145373,149596,154636,162056,168665
37,Chile,CHL,Net migration,SM.POP.NETM,-146900,-196500,-161260,-148300,-154520,-68650,3610,19340,42330,107169,163730,558539,"Population, total",SP.POP.TOTL,8476897,9312095,10103674,10922779,11743911,12642924,13719819,14786220,15684409,16530195,17400347,18470439
38,China,CHN,Net migration,SM.POP.NETM,-1125727,-160002,-1105479,-47004,-200000,-431651,-779982,-382999,-1965578,-2178385,-1552209,-1741996,"Population, total",SP.POP.TOTL,665770000,754550000,862030000,943455000,1008630000,1084035000,1164970000,1230075000,1280400000,1317885000,1350695000,1386395000
39,Cote d'Ivoire,CIV,Net migration,SM.POP.NETM,200706,200706,393042,403322,427498,319134,375000,180000,-300000,-200000,-80000,-40000,"Population, total",SP.POP.TOTL,3770766,4544164,5576038,7026496,8764989,10698194,12812421,15130663,17231539,19171237,21547188,24437469
40,Cameroon,CMR,Net migration,SM.POP.NETM,0,-1000,-2500,0,-16500,-19500,-48000,-48000,-54000,-54000,-36000,-24000,"Population, total",SP.POP.TOTL,5398729,6052420,6867178,7887560,9166816,10731064,12499499,14344449,16357602,18730282,21485266,24566045
41,"Congo, Dem. Rep.",COD,Net migration,SM.POP.NETM,122650,242939,27450,100685,-450468,74515,1287106,-958174,-241564,-43426,15060,119303,"Population, total",SP.POP.TOTL,16041190,18378625,21121363,24249130,27717291,31528708,37333914,43827180,49871666,58453683,69020747,81398764
42,"Congo, Rep.",COG,Net migration,SM.POP.NETM,0,0,0,-7407,2098,2000,22530,49302,51485,91771,-60000,-20000,"Population, total",SP.POP.TOTL,1069238,1219541,1406522,1629209,1884875,2171321,2489952,2867280,3310387,3876119,4510198,5110702
43,Colombia,COL,Net migration,SM.POP.NETM,-306563,-338635,-380422,-419350,-370972,-324000,-287950,-259000,-231000,-195000,-193380,1023981,"Population, total",SP.POP.TOTL,17092918,19837510,22516425,25164545,28101819,31195413,34422569,37723800,40875360,43737516,46076848,48901066
44,Comoros,COM,Net migration,SM.POP.NETM,-8491,-5500,-5500,10000,-4500,-4500,-3000,-6000,-10000,-10000,-10000,-10000,"Population, total",SP.POP.TOTL,197198,215897,239235,275900,326946,376654,436448,501953,569479,641620,723871,813892
45,Cabo Verde,CPV,Net migration,SM.POP.NETM,-1167,4267,-34907,-27982,-20313,-27757,-6376,-5438,-9859,-11341,-8029,-6709,"Population, total",SP.POP.TOTL,210142,247527,271843,273335,294254,321135,355757,404259,442951,475060,505235,537497
46,Costa Rica,CRI,Net migration,SM.POP.NETM,7905,7827,12638,17425,18876,17417,69202,89527,41792,30339,19658,21000,"Population, total",SP.POP.TOTL,1433335,1696732,1944169,2205615,2523354,2884851,3286520,3718949,4100925,4404628,4688000,4949954
47,Caribbean small states,CSS,Net migration,SM.POP.NETM,-262832,-298610,-284690,-271073,-266114,-341887,-236400,-230119,-176783,-142453,-91451,-87055,"Population, total",SP.POP.TOTL,4353628,4712526,5012612,5303307,5617885,5894827,6112815,6378552,6604965,6833393,7072665,7314990
48,Cuba,CUB,Net migration,SM.POP.NETM,-204043,-248423,-190000,-160000,-270000,-69999,-120006,-132839,-145629,-240000,-80000,-72000,"Population, total",SP.POP.TOTL,7453540,8266380,9025345,9646142,9940317,10286643,10736387,10989732,11199651,11251122,11257101,11339259
49,Curacao,CUW,Net migration,SM.POP.NETM,-7752,-4526,-5000,-13251,-8464,-14547,-11517,-17077,-6070,15363,6817,2573,"Population, total",SP.POP.TOTL,128414,138140,147710,149459,150101,151456,143912,146956,129205,144056,152088,160175
50,Cayman Islands,CYM,Net migration,SM.POP.NETM,,,,,,,,,,,,,"Population, total",SP.POP.TOTL,8146,8522,10133,13853,17439,21544,27780,36156,45351,52280,58958,63382
51,Cyprus,CYP,Net migration,SM.POP.NETM,-43025,-7843,3053,-1215,-27634,17167,43195,53260,57530,58658,22509,25000,"Population, total",SP.POP.TOTL,577691,591308,627998,665525,691702,723376,800611,891190,976964,1063713,1135046,1179680
52,Czech Republic,CZE,Net migration,SM.POP.NETM,24999,-129099,9999,9999,-52946,5671,29999,46002,47402,250889,59997,110057,"Population, total",SP.POP.TOTL,9624660,9852899,9867632,10186755,10314826,10347318,10319123,10304131,10196916,10298828,10510785,10594438
53,Germany,DEU,Net migration,SM.POP.NETM,669314,871265,701731,228894,23,1683737,2628459,715944,824445,43087,1938576,2719112,"Population, total",SP.POP.TOTL,74025784,76951336,78688452,78159814,78333366,77839920,80624598,82034771,82488495,82266372,80425823,82657002
54,Djibouti,DJI,Net migration,SM.POP.NETM,18000,25000,34997,91193,9999,89998,-45000,9988,-8997,-12221,6002,4501,"Population, total",SP.POP.TOTL,94204,131397,179224,277479,385271,490330,615054,660863,746942,805451,868136,944097
55,Dominica,DMA,Net migration,SM.POP.NETM,,,,,,,,,,,,,"Population, total",SP.POP.TOTL,61982,67686,71731,73440,75003,71842,70544,70599,69837,70795,70965,71458
56,Denmark,DNK,Net migration,SM.POP.NETM,2256,21866,23256,14925,9319,32839,65466,74568,46306,87989,106841,75998,"Population, total",SP.POP.TOTL,4647727,4835354,4991596,5088419,5117810,5127024,5171370,5284991,5375931,5461438,5591572,5764980
57,Dominican Republic,DOM,Net migration,SM.POP.NETM,-43490,-56172,-70824,-87098,-118102,-134470,-144154,-150146,-152553,-153773,-153000,-150000,"Population, total",SP.POP.TOTL,3521018,4123092,4755459,5407500,6067770,6729933,7408342,8084407,8724975,9338861,9930911,10513131
58,Algeria,DZA,Net migration,SM.POP.NETM,-282941,-121335,-253436,-224833,-81020,-93302,-128679,-164413,-205228,-357340,-143268,-50002,"Population, total",SP.POP.TOTL,11619828,13275026,15285990,17582904,20452902,23774284,27028326,29742979,31855109,34166972,37383887,41389198
59,East Asia & Pacific (excluding high income),EAP,Net migration,SM.POP.NETM,-951548,-476764,-888388,-1119832,-303942,-272668,-2770604,-974322,-5608510,-6894219,-3768254,-3791004,"Population, total",SP.POP.TOTL,906413883,1030341039,1176909471,1298403397,1405388771,1526774406,1652528229,1759750579,1849607538,1924018226,1994391099,2068142784
60,Early-demographic dividend,EAR,Net migration,SM.POP.NETM,-857830,-1886452,-3317858,-4952237,1692818,-1530147,-7479045,-7535702,-14255662,-13971996,-14257384,-11460012,"Population, total",SP.POP.TOTL,1027204721,1158861169,1309397192,1477870054,1672134893,1892336374,2117785722,2339379434,2560101452,2776922496,2994364053,3206361023
61,East Asia & Pacific,EAS,Net migration,SM.POP.NETM,-480262,1538131,18646,-722799,556267,701831,-1848218,1532,-4235381,-4415849,-1337907,-2057249,"Population, total",SP.POP.TOTL,1059018809,1195269923,1355934900,1490449457,1608678553,1739071545,1872480731,1987315562,2083186112,2161785573,2236819053,2314097713
62,Europe & Central Asia (excluding high income),ECA,Net migration,SM.POP.NETM,-83597,369327,-500692,-232895,223419,-1293566,-2663215,-2114635,73186,1364223,3054571,1880978,"Population, total",SP.POP.TOTL,264562390,283832742,300287182,316954397,334202516,352277839,365331302,368734967,369278345,372332605,382509766,395289709
63,Europe & Central Asia,ECS,Net migration,SM.POP.NETM,1223688,437456,1533438,1241642,571631,804777,1451064,274507,8256870,7925495,8361520,7894029,"Population, total",SP.POP.TOTL,682397793,719406036,749283628,777422116,803342709,827505323,848877903,858164737,863936840,877300672,893788642,914585461
64,Ecuador,ECU,Net migration,SM.POP.NETM,-9002,-5500,-5499,-7198,-14001,-16998,-19000,-69999,-120002,-44999,-38001,182000,"Population, total",SP.POP.TOTL,4809201,5560012,6429379,7383724,8409397,9522360,10716129,11951452,13143465,14296557,15474102,16785361
65,"Egypt, Arab Rep.",EGY,Net migration,SM.POP.NETM,-50100,-239700,-559179,-595294,-392930,-212184,-460404,-210899,-74464,-283573,-280944,-190164,"Population, total",SP.POP.TOTL,28112256,32056510,36102659,40329589,45539296,51991700,58666814,64892270,71485043,78232126,86422240,96442593
66,Euro area,EMU,Net migration,SM.POP.NETM,808797,148964,2037462,1608797,731227,2221744,4087715,2351361,7296329,4188448,3610240,4446572,"Population, total",SP.POP.TOTL,270110056,281974883,290874595,298441845,304174240,307488390,314162058,318761762,324125336,332645165,336159194,341163597
67,Eritrea,ERI,Net migration,SM.POP.NETM,6997,4999,10000,10000,10000,-40000,-314772,-129998,227290,-80009,-246000,-199290,"Population, total",SP.POP.TOTL,1060486,1210302,1384797,1591620,1836823,2127422,2257596,2195179,2481058,2996536,3250099,3412891
68,Spain,ESP,Net migration,SM.POP.NETM,-193807,-145936,96990,76903,-43292,-67680,319270,931072,2908209,2273848,-520442,200000,"Population, total",SP.POP.TOTL,31023366,32682947,34604469,36511638,37986012,38684815,39157685,40057389,41431558,45226803,46773055,46593236
69,Estonia,EST,Net migration,SM.POP.NETM,43228,41204,30581,30510,25900,15497,-111876,-1197,-18406,-15151,-10516,19555,"Population, total",SP.POP.TOTL,1241623,1318946,1392518,1450211,1498414,1552221,1533091,1399535,1379350,1340680,1322696,1317384
70,Ethiopia,ETH,Net migration,SM.POP.NETM,-19999,-42182,-59597,-2112372,248546,765993,1457943,-155577,-150001,-50132,399997,150002,"Population, total",SP.POP.TOTL,23221389,26280132,30140804,33577242,36995248,43329231,51423585,60697443,70142091,80674348,92726971,106400024
71,European Union,EUU,Net migration,SM.POP.NETM,873990,35679,1830393,1452547,314429,1640298,3259577,1621033,6853594,3767581,3377263,4281648,"Population, total",SP.POP.TOTL,363200473,378917977,390994983,402425490,410895587,416301856,422963892,427538058,430881944,438468400,441395932,446131273
72,Fragile and conflict affected situations,FCS,Net migration,SM.POP.NETM,-403734,-828283,-1224205,4915,-6325349,-6220616,1933706,-4376293,-2415321,-5313288,-7098642,-10049206,"Population, total",SP.POP.TOTL,192452467,216725732,245398949,280540792,320266666,360107735,411763761,470020836,530422958,601759996,680326998,763578047
73,Finland,FIN,Net migration,SM.POP.NETM,-64984,-97937,28880,-29377,26181,18268,47223,22154,31935,57558,81416,70000,"Population, total",SP.POP.TOTL,4491443,4605744,4639657,4738902,4826933,4932123,5041992,5139835,5200598,5288720,5413971,5508214
74,Fiji,FJI,Net migration,SM.POP.NETM,-3455,-14279,-15145,-22230,-12677,-66996,-33803,-38692,-58598,-23691,-51950,-31008,"Population, total",SP.POP.TOTL,421665,487981,542844,598296,668280,721783,744469,792736,815257,836190,865069,877459
75,France,FRA,Net migration,SM.POP.NETM,1417869,491613,543072,258429,291570,276383,122170,193631,926483,446120,423831,182636,"Population, total",SP.POP.TOTL,47904877,50775794,52793138,54467702,55718933,57302663,58851217,59964851,61805267,64016225,65659809,66864379
76,Faroe Islands,FRO,Net migration,SM.POP.NETM,,,,,,,,,,,,,"Population, total",SP.POP.TOTL,35524,37705,39925,42134,44108,46349,46739,45796,47233,47825,47843,48331
77,"Micronesia, Fed. Sts.",FSM,Net migration,SM.POP.NETM,454,429,-7534,120,445,-1902,-1662,-12788,-12284,-12278,-2999,-2999,"Population, total",SP.POP.TOTL,47367,56307,62279,66082,78012,89979,101389,108480,107030,104444,104506,111459
78,Gabon,GAB,Net migration,SM.POP.NETM,9410,16188,2999,4999,4999,4999,4999,9566,24820,63698,100317,16301,"Population, total",SP.POP.TOTL,511287,554059,611704,676255,763930,873867,1002579,1141338,1288315,1472575,1749682,2064823
79,United Kingdom,GBR,Net migration,SM.POP.NETM,143068,-84853,106415,39119,-97495,98758,205443,513361,992223,2189404,1300231,1303250,"Population, total",SP.POP.TOTL,53250000,54943600,56086065,56193492,56313641,56802050,57580402,58316954,59370479,61322463,63700215,66058859
80,Georgia,GEO,Net migration,SM.POP.NETM,96284,85200,-73426,-95445,-47827,-43659,-591854,-653597,-148337,-119811,-95340,-50000,"Population, total",SP.POP.TOTL,3760300,4005800,4205300,4372100,4542800,4743500,4873500,4349913,3978515,3860158,3728874,3728004
81,Ghana,GHA,Net migration,SM.POP.NETM,30000,-260133,-143000,-459839,-12339,-40000,-16000,-126999,25002,150000,-50000,-50000,"Population, total",SP.POP.TOTL,7071971,8132803,9229631,10395452,11676823,13552021,15653336,17908985,20246381,22963946,25996449,29121471
82,Gibraltar,GIB,Net migration,SM.POP.NETM,,,,,,,,,,,,,"Population, total",SP.POP.TOTL,24313,27173,29358,30234,29691,29115,28840,29408,32102,33517,33646,33728
83,Guinea,GIN,Net migration,SM.POP.NETM,0,0,-87571,-156695,-83323,0,-134975,-181099,-349998,-311422,-293749,-20000,"Population, total",SP.POP.TOTL,3611429,3941053,4290534,4628877,5077082,5801326,6716038,7662075,8586074,9518162,10652029,12067539
84,"Gambia, The",GMB,Net migration,SM.POP.NETM,5282,13403,14403,14580,14883,60597,2620,-4570,1517,-15436,-15436,-15436,"Population, total",SP.POP.TOTL,379894,426629,492426,576757,678113,831023,1027475,1200526,1404261,1639848,1905011,2213894
85,Guinea-Bissau,GNB,Net migration,SM.POP.NETM,-20001,-7230,-14999,-79367,-30001,-28004,-29999,-41167,-27932,-17502,-7005,-6996,"Population, total",SP.POP.TOTL,628883,669237,732523,771737,810405,912754,1020350,1132510,1254453,1411543,1604979,1828146
86,Equatorial Guinea,GNQ,Net migration,SM.POP.NETM,2998,5001,-70000,-29998,64999,20000,20002,35001,50003,80001,89999,79998,"Population, total",SP.POP.TOTL,262219,291790,289501,242156,284630,382981,447266,536460,658384,821687,1031191,1262001
87,Greece,GRC,Net migration,SM.POP.NETM,-256691,-187126,20771,297368,100241,178887,459178,297431,113586,-370769,-161799,-80000,"Population, total",SP.POP.TOTL,8448233,8684088,8888628,9308479,9789513,10000595,10399061,10661259,10902022,11048473,11045011,10754679
88,Grenada,GRD,Net migration,SM.POP.NETM,-9450,-9731,-11759,-13206,-586,-15189,-4210,-3964,-3511,-3526,-1000,-1000,"Population, total",SP.POP.TOTL,92484,95020,93983,90227,93122,99436,97165,101567,103634,105190,107446,110874
89,Greenland,GRL,Net migration,SM.POP.NETM,,,,,,,,,,,,,"Population, total",SP.POP.TOTL,35000,41900,48300,49400,51500,54100,55300,56000,56609,56555,56810,56172
90,Guatemala,GTM,Net migration,SM.POP.NETM,-10311,-41269,-137529,-258519,-283074,-299909,-367469,-402326,-281050,-114231,-50131,-46073,"Population, total",SP.POP.TOTL,4378604,5047435,5723759,6412667,7262658,8332446,9544055,10788362,12147518,13477017,14781942,16087418
91,Guam,GUM,Net migration,SM.POP.NETM,-2905,-1442,-2131,-1511,109,99,1739,-4116,-9556,-9776,-7594,-2532,"Population, total",SP.POP.TOTL,69604,78404,87587,97477,108906,121919,136692,150303,157176,158847,159996,164281
92,Guyana,GUY,Net migration,SM.POP.NETM,-14669,-42559,-54362,-52341,-97340,-102648,-57867,-86647,-63249,-50078,-34999,-30001,"Population, total",SP.POP.TOTL,606285,675871,721948,762424,781246,757448,748602,757970,744789,746474,755399,775221
93,High income,HIC,Net migration,SM.POP.NETM,3941008,4229964,7251511,7260230,6510855,8249599,10289281,13436955,18179172,22605622,17992038,15844525,"Population, total",SP.POP.TOTL,800940275,848251644,892423645,933635381,972400780,1006177585,1042741821,1081272105,1115120727,1154287221,1191504227,1225031047
94,"Hong Kong SAR, China",HKG,Net migration,SM.POP.NETM,-27385,71590,73970,390487,160605,221262,156486,375683,64797,89747,74892,146542,"Population, total",SP.POP.TOTL,3305200,3722800,4123600,4583700,5264500,5580500,5800500,6489300,6744100,6916300,7150100,7391700
95,Honduras,HND,Net migration,SM.POP.NETM,-29002,-41000,-45999,-50999,-61998,-73998,-77999,-64998,-41999,-25000,-30000,-34000,"Population, total",SP.POP.TOTL,2155647,2486415,2882113,3352825,3910640,4542214,5244678,6045699,6929265,7808518,8640691,9429013
96,Heavily indebted poor countries (HIPC),HPC,Net migration,SM.POP.NETM,-243146,-137303,-1026521,-2923589,-5279936,-2910055,2469854,-3368158,-1747428,-4868903,-2882169,-1462971,"Population, total",SP.POP.TOTL,169567094,192084649,219004370,250160346,284905162,325095184,376055904,434736174,499113575,574560260,660193774,759106221
97,Croatia,HRV,Net migration,SM.POP.NETM,1854,-1225,-18403,18681,54369,26145,-143579,-188129,-2580,-10499,-38493,-40004,"Population, total",SP.POP.TOTL,4196712,4338683,4450564,4559571,4634234,4739745,4575818,4534920,4302174,4310217,4267558,4124531
98,Haiti,HTI,Net migration,SM.POP.NETM,-51997,-58003,-88000,-97999,-124999,-135001,-140001,-144998,-139999,-138004,-150000,-175000,"Population, total",SP.POP.TOTL,4019173,4425303,4837332,5294619,5910227,6618744,7319493,8030726,8754150,9495328,10250930,10982366
99,Hungary,HUN,Net migration,SM.POP.NETM,21715,15731,-24419,13040,-115800,-91554,99980,78562,61589,25150,29999,29999,"Population, total",SP.POP.TOTL,10061734,10216604,10398489,10648031,10705535,10612741,10369341,10290486,10158608,10055780,9920362,9787966
100,IBRD only,IBD,Net migration,SM.POP.NETM,-3572773,-3639834,-2657570,-4274006,-953415,-4254770,-9685437,-8630309,-10812375,-11595016,-2178391,-6056175,"Population, total",SP.POP.TOTL,1974019004,2211446023,2480635677,2741759767,3004914782,3294789958,3583653517,3842265420,4077663878,4296873746,4515492025,4736161411
101,IDA & IBRD total,IBT,Net migration,SM.POP.NETM,-3963584,-4173652,-7497326,-7486372,-6728516,-8916507,-11085383,-14297599,-18637281,-23109254,-18168999,-15664439,"Population, total",SP.POP.TOTL,2372380778,2663895555,2994908168,3326428549,3674370511,4062409115,4463427780,4844173043,5209100117,5570347419,5943961722,6333378175
102,IDA total,IDA,Net migration,SM.POP.NETM,-390811,-533818,-4839756,-3212366,-5775101,-4661737,-1399946,-5667290,-7824906,-11514238,-15990608,-9608264,"Population, total",SP.POP.TOTL,398361774,452449532,514272491,584668782,669455729,767619157,879774263,1001907623,1131436239,1273473673,1428469697,1597216764
103,IDA blend,IDB,Net migration,SM.POP.NETM,7616,102544,-258308,1262694,575125,-352458,-1623327,-576770,-1928024,-1483560,-2310575,-2260137,"Population, total",SP.POP.TOTL,126289823,143347882,163636009,188841791,220088459,255551896,293874927,334399200,377512127,424192635,478336539,536862922
104,Indonesia,IDN,Net migration,SM.POP.NETM,449965,556062,508276,378743,475080,261282,-35412,-67671,-1149655,-1333685,-454447,-494777,"Population, total",SP.POP.TOTL,92518377,105865571,121017314,137278058,154468229,171702763,187739786,202826446,217357793,232374245,248452413,264645886
105,IDA only,IDX,Net migration,SM.POP.NETM,-398427,-636362,-4581448,-4475060,-6350226,-4309279,223381,-5090520,-5896882,-10030678,-13680033,-7348127,"Population, total",SP.POP.TOTL,272071951,309101650,350636482,395826991,449367270,512067261,585899336,667508423,753924112,849281038,950133158,1060353842
106,Isle of Man,IMN,Net migration,SM.POP.NETM,,,,,,,,,,,,,"Population, total",SP.POP.TOTL,48418,52118,57166,61336,63772,66471,71254,73850,78318,82408,84533,83598
107,India,IND,Net migration,SM.POP.NETM,-85391,-342846,2106041,1111236,579708,45150,-552948,-682569,-1888986,-2655844,-2350075,-2663434,"Population, total",SP.POP.TOTL,469077190,520400576,581087256,652408776,732239504,819682102,909307016,1000900030,1093317189,1183209472,1265782790,1338658835
108,Not classified,INX,Net migration,SM.POP.NETM,,,,,,,,,,,,,"Population, total",SP.POP.TOTL,,,,,,,,,,,,
109,Ireland,IRL,Net migration,SM.POP.NETM,-105837,-57278,44335,51765,-60929,-125947,-15374,84879,201467,197285,-111819,118020,"Population, total",SP.POP.TOTL,2836050,2902450,3036850,3282200,3485800,3540057,3558430,3674171,3931947,4398942,4599533,4807388
110,"Iran, Islamic Rep.",IRN,Net migration,SM.POP.NETM,-7838,51755,77633,403319,2007670,1497228,-898423,-218350,-48444,-576900,-502345,-274998,"Population, total",SP.POP.TOTL,23071315,26317783,30075297,34803045,41869236,51193782,58780370,63136312,67284796,71336475,75539862,80673951
111,Iraq,IRQ,Net migration,SM.POP.NETM,-1862,-6877,-8587,-47791,-199939,-647664,-154026,-17859,-266320,-1102117,1303607,39171,"Population, total",SP.POP.TOTL,7674220,8947404,10599668,12462070,14432468,16257070,18402734,21439574,24931919,27911248,31890011,37552781
112,Iceland,ISL,Net migration,SM.POP.NETM,-732,-2757,-1061,-3929,260,646,-1054,1020,2940,12007,-2163,1900,"Population, total",SP.POP.TOTL,182378,198751,209137,221799,233860,245859,261057,271128,287523,311566,320716,343400
113,Israel,ISR,Net migration,SM.POP.NETM,209496,72440,165879,62546,2604,65418,451557,245334,102935,273635,19497,50002,"Population, total",SP.POP.TOTL,2293000,2745000,3148000,3613000,4031000,4369000,5123000,5836000,6570000,7180100,7910500,8713300
114,Italy,ITA,Net migration,SM.POP.NETM,-230527,-231781,19396,164927,264799,-10058,152825,-298237,1664343,1050948,1637369,744713,"Population, total",SP.POP.TOTL,50879450,52900500,54381345,55955411,56543548,56601931,56797087,56890372,57059007,58438310,59539717,60536709
115,Jamaica,JAM,Net migration,SM.POP.NETM,-143938,-149741,-91034,-98483,-71084,-146934,-110068,-93279,-92045,-87319,-56658,-56658,"Population, total",SP.POP.TOTL,1676501,1803319,1935100,2080831,2234057,2375393,2461049,2583916,2692845,2768227,2842132,2920853
116,Jordan,JOR,Net migration,SM.POP.NETM,35715,255435,-29706,-80758,81657,170602,412472,-150149,-93910,649995,1056759,51099,"Population, total",SP.POP.TOTL,1010658,1378998,1883935,2179363,2563534,3131796,3977672,4848541,5317506,6255280,8090872,9779173
117,Japan,JPN,Net migration,SM.POP.NETM,-151351,822703,714937,205006,50002,-298339,46286,-100333,164199,277580,358133,357800,"Population, total",SP.POP.TOTL,95832000,100725000,107188000,113863000,118449000,122091000,124229000,126057000,127445000,128001000,127629000,126785797
118,Kazakhstan,KAZ,Net migration,SM.POP.NETM,694120,173343,-128101,-435262,-433268,-674287,-1439396,-1261512,44530,-35196,159807,-90000,"Population, total",SP.POP.TOTL,10756928,12385710,13463985,14359624,15128087,16039251,16439095,15333703,14858948,15484192,16792089,18037776
119,Kenya,KEN,Net migration,SM.POP.NETM,-20000,-19535,-17915,-2930,3805,5023,221569,-21386,25144,-189330,-50000,-50000,"Population, total",SP.POP.TOTL,8647011,10187478,12146068,14638890,17736326,21382112,25326078,29415659,33751739,38705932,44343410,50221473
120,Kyrgyz Republic,KGZ,Net migration,SM.POP.NETM,103107,104185,-12065,-45839,-54162,-126883,-276249,-27268,-172911,-76604,-93353,-20000,"Population, total",SP.POP.TOTL,2333400,2736500,3088200,3423900,3759300,4144600,4515400,4696400,4990700,5268400,5607200,6198200
121,Cambodia,KHM,Net migration,SM.POP.NETM,0,-248418,-125000,-84999,-88854,-78022,409414,348495,-35156,-295987,-149999,-149999,"Population, total",SP.POP.TOTL,6028431,6685960,7302111,7196042,6919801,8198082,9623889,11298600,12637727,13679962,14780454,16009414
122,Kiribati,KIR,Net migration,SM.POP.NETM,-786,-917,-1120,-2342,-3011,-664,-4435,-2801,-1938,-295,-4123,-3999,"Population, total",SP.POP.TOTL,43281,48417,52780,56764,60887,67248,74766,80187,87305,96527,106370,114158
123,St. Kitts and Nevis,KNA,Net migration,SM.POP.NETM,,,,,,,,,,,,,"Population, total",SP.POP.TOTL,50963,47381,44320,43942,42728,41041,40697,42854,45165,47778,49887,52045
124,"Korea, Rep.",KOR,Net migration,SM.POP.NETM,-69136,-81844,-209938,-165135,92892,170581,71418,159428,81223,-156546,401183,58657,"Population, total",SP.POP.TOTL,26513030,30130983,33505406,36411795,39326352,41621690,43747962,45953580,47644736,48683638,50199853,51361911
125,Kuwait,KWT,Net migration,SM.POP.NETM,137000,146600,95836,141100,115340,119768,-655000,242000,26500,479500,580000,197600,"Population, total",SP.POP.TOTL,337348,577164,851916,1153583,1507645,1938909,,1710256,2136997,2504019,3348853,4056099
126,Latin America & Caribbean (excluding high income),LAC,Net migration,SM.POP.NETM,-1273827,-1701987,-2223153,-3183626,-3189809,-3766978,-4235925,-4591564,-5113976,-3732353,-2720438,-2718002,"Population, total",SP.POP.TOTL,215860314,247383939,280858331,316246897,354216276,393720726,432695338,470817399,507060159,540405229,572224389,602426586
127,Lao PDR,LAO,Net migration,SM.POP.NETM,76,30,46,-198756,-35110,138,-60567,-134746,-148100,-110258,-112313,-73518,"Population, total",SP.POP.TOTL,2221125,2496920,2840841,3135842,3401191,3905530,4500351,5050315,5493246,5944948,6444530,6953035
128,Lebanon,LBN,Net migration,SM.POP.NETM,20000,-70002,-10000,-285201,-214378,-128038,390001,-29428,550110,-26882,1192354,-150060,"Population, total",SP.POP.TOTL,1925297,2174738,2417836,2601740,2606139,2667960,3076132,3658424,4182205,4767344,5538634,6811873
129,Liberia,LBR,Net migration,SM.POP.NETM,7996,7996,10996,11949,0,-359708,-290000,462952,-50000,175585,25000,-25000,"Population, total",SP.POP.TOTL,1166648,1303035,1474567,1692140,1989483,2153316,2001624,2326202,3024729,3461911,4135659,4702228
130,Libya,LBY,Net migration,SM.POP.NETM,45891,48002,58665,57534,113380,5490,3965,-57368,-20569,-118555,-300002,-9997,"Population, total",SP.POP.TOTL,1550813,1878877,2327490,2865637,3480454,4109725,4650885,5118007,5531089,5974787,6285750,6580724
131,St. Lucia,LCA,Net migration,SM.POP.NETM,-9187,-7795,-9703,-8971,-8009,-4285,-5031,-1541,-804,4360,0,0,"Population, total",SP.POP.TOTL,91891,99365,106310,112685,120988,130856,141760,150913,159392,167639,176646,180955
132,Latin America & Caribbean,LCN,Net migration,SM.POP.NETM,-1594811,-2147249,-2614761,-3479274,-3493972,-4016511,-4288871,-4671401,-5318859,-3784759,-2796189,-2606469,"Population, total",SP.POP.TOTL,232179888,265182478,300021011,336887200,376322267,417353074,458011037,497858138,535509361,570091464,603097381,634545282
133,Least developed countries: UN classification,LDC,Net migration,SM.POP.NETM,-1005498,-1203458,-4400298,-3897388,-6102508,-3733535,871361,-4294643,-4393268,-9561841,-7624642,-4861511,"Population, total",SP.POP.TOTL,251900741,284708409,321797581,362475112,410740611,467290514,534731006,609983301,691061397,780219542,876869863,986365080
134,Low income,LIC,Net migration,SM.POP.NETM,-454020,-214831,-1625547,-2606900,-5234756,-3302410,1280175,-2571989,-678717,-2632479,-7574410,-4052273,"Population, total",SP.POP.TOTL,150246788,169257096,192255470,218076745,246643720,279547387,321531045,370477990,424933735,489505419,559335524,634796692
135,Liechtenstein,LIE,Net migration,SM.POP.NETM,,,,,,,,,,,,,"Population, total",SP.POP.TOTL,17289,19691,22151,24448,26536,27837,29553,31830,33879,35217,36615,37800
136,Sri Lanka,LKA,Net migration,SM.POP.NETM,-47500,-38500,-145000,-237500,-398693,-137440,-255780,-461684,-449480,-520065,-484772,-489932,"Population, total",SP.POP.TOTL,10352179,11657650,13002231,14273495,15501207,16643952,17736821,18470900,19062482,19842044,20425000,21444000
137,Lower middle income,LMC,Net migration,SM.POP.NETM,-827911,-2603730,-2626935,-2158820,-1493460,-2814621,-5667870,-7028307,-12896960,-15520933,-13606015,-10239143,"Population, total",SP.POP.TOTL,916256413,1026748653,1151780781,1294569650,1460309661,1646753428,1843386680,2038516003,2233327611,2428529757,2628465458,2831466703
138,Low & middle income,LMY,Net migration,SM.POP.NETM,-3927224,-4221607,-7162517,-7264498,-6535671,-8349528,-10296679,-13482497,-18256319,-22561890,-17919477,-15853831,"Population, total",SP.POP.TOTL,2324516396,2614208557,2944468935,3274131330,3619940389,4006377627,4409608111,4790982256,5157632247,5519916437,5894259181,6284034658
139,Lesotho,LSO,Net migration,SM.POP.NETM,-24999,-22399,-24048,-6538,-25760,-40195,-7839,-37212,-161218,-92476,-47704,-50234,"Population, total",SP.POP.TOTL,869136,962273,1077095,1228536,1415367,1596394,1782285,1968044,2029829,1986922,2014990,2091412
140,Late-demographic dividend,LTE,Net migration,SM.POP.NETM,-2767349,-2127314,-2654279,-1908587,-1538143,-1940531,-4275005,-1735738,-1088551,2231391,1351680,-379189,"Population, total",SP.POP.TOTL,1113927865,1248850536,1400911465,1528866956,1642764670,1769123547,1892668358,1994264448,2073757398,2140907334,2206932754,2275525382
141,Lithuania,LTU,Net migration,SM.POP.NETM,24715,26314,37782,38815,43804,36863,-100301,-93925,-99104,-150930,-146217,-163902,"Population, total",SP.POP.TOTL,2863350,3044400,3213622,3355036,3457179,3616367,3700114,3575137,3443067,3231294,2987773,2828403
142,Luxembourg,LUX,Net migration,SM.POP.NETM,8527,5918,15284,11846,2552,12831,20040,19940,14473,42279,48704,48704,"Population, total",SP.POP.TOTL,320750,334995,346600,361358,365525,370750,392175,419450,446175,479993,530946,596336
143,Latvia,LVA,Net migration,SM.POP.NETM,79651,70780,54668,36327,30762,41910,-116474,-46601,-72490,-86594,-83325,-74186,"Population, total",SP.POP.TOTL,2181586,2301220,2395674,2485073,2531080,2626583,2614338,2432851,2310173,2200325,2034319,1942248
144,"Macao SAR, China",MAC,Net migration,SM.POP.NETM,19062,33602,-10972,-10034,25146,33466,21845,27864,46284,42381,42350,25000,"Population, total",SP.POP.TOTL,176183,223418,248767,236678,251158,308180,362311,401352,448821,504511,564039,622585
145,St. Martin (French part),MAF,Net migration,SM.POP.NETM,,,,,,,,,,,,,"Population, total",SP.POP.TOTL,4076,4920,6156,7718,8369,19275,31811,26909,30910,36137,37009,36560
146,Morocco,MAR,Net migration,SM.POP.NETM,-239800,-474734,-508947,-309839,-320659,-430184,-466627,-532581,-654821,-565140,-367108,-257096,"Population, total",SP.POP.TOTL,13094888,14954031,16696891,18620093,20984009,23447252,25711406,27754571,29454768,31163673,33241898,35581294
147,Monaco,MCO,Net migration,SM.POP.NETM,,,,,,,,,,,,,"Population, total",SP.POP.TOTL,23039,23292,24051,25809,27627,29168,29865,31280,32806,34525,36460,38392
148,Moldova,MDA,Net migration,SM.POP.NETM,100890,74449,55824,-26414,-9185,-84531,-131953,-165309,-12079,-47911,-7020,-6935,"Population, total",SP.POP.TOTL,2140063,2344108,2515217,2660619,2782725,2918487,2977130,2935524,2910504,2873429,2859458,2755158
149,Madagascar,MDG,Net migration,SM.POP.NETM,0,-8000,-19000,-30000,-10000,-10000,-9500,-8500,-7500,-7500,-7500,-7500,"Population, total",SP.POP.TOTL,5352503,6073526,6946620,7998164,9234129,10647754,12301336,14347854,16765117,19433530,22346641,25570540
150,Maldives,MDV,Net migration,SM.POP.NETM,-581,-2904,2415,0,0,-2605,-3072,-1100,17392,17994,58358,56851,"Population, total",SP.POP.TOTL,94905,107478,123354,144631,169851,203028,236265,263842,294186,335169,397237,496402
151,Middle East & North Africa,MEA,Net migration,SM.POP.NETM,-298221,-717185,-695574,129603,2765924,1306492,-477233,-1053445,809325,4645191,336434,-1194318,"Population, total",SP.POP.TOTL,111045434,127444958,146213388,168361100,197157159,231570113,265656619,297891731,327362252,361929136,401974219,441255236
152,Mexico,MEX,Net migration,SM.POP.NETM,-409085,-616085,-920380,-1253817,-1273198,-1835537,-2018533,-2296470,-2206114,-562404,-422477,-300000,"Population, total",SP.POP.TOTL,40195319,46956208,54689943,62869903,71058654,79200081,87075138,94611002,101684758,109170502,117274155,124777324
153,Marshall Islands,MHL,Net migration,SM.POP.NETM,,,,,,,,,,,,,"Population, total",SP.POP.TOTL,15547,18388,22341,27470,33328,42173,49245,50450,52370,56051,56717,58058
154,Middle income,MIC,Net migration,SM.POP.NETM,-3473204,-4006776,-5536970,-4657598,-1300915,-5047118,-11576854,-10910508,-17577602,-19929411,-10345067,-11801558,"Population, total",SP.POP.TOTL,2174269608,2444951461,2752213465,3056054585,3373296669,3726830240,4088077066,4420504266,4732698512,5030411018,5334923657,5649237966
155,North Macedonia,MKD,Net migration,SM.POP.NETM,-40940,-28981,-61002,-14749,-72752,-98818,-100107,-4999,-14572,-7399,-8853,-4999,"Population, total",SP.POP.TOTL,1527111,1644943,1754956,1851069,1955243,1992274,1988659,1999598,2048928,2065426,2074278,2081996
156,Mali,MLI,Net migration,SM.POP.NETM,-70243,-98235,-95585,-174998,-218064,-493982,-173489,-141950,-67110,-100823,-302449,-200000,"Population, total",SP.POP.TOTL,5381368,5706199,6147458,6712267,7388668,8062219,8850334,10094368,11616887,13651464,15979499,18512394
157,Malta,MLT,Net migration,SM.POP.NETM,-11710,-12601,-9682,-4843,2553,1159,1630,6378,5611,5737,15505,4501,"Population, total",SP.POP.TOTL,323900,311550,302450,306970,325898,344485,367618,382791,395969,406724,420028,467999
158,Myanmar,MMR,Net migration,SM.POP.NETM,0,0,0,0,-54656,-200000,-713704,-537998,-1208092,-1336928,-528211,-816564,"Population, total",SP.POP.TOTL,22697667,25410060,28570097,32026742,35734272,39404335,42401684,45027233,47702171,49621475,51413698,53382581
159,Middle East & North Africa (excluding high income),MNA,Net migration,SM.POP.NETM,-799076,-1172482,-1770374,-1384107,890908,65099,-633594,-1570865,-1647749,-2232812,-3804006,-3197316,"Population, total",SP.POP.TOTL,102808053,117503859,134051043,152881209,177185670,206447530,237828663,264504166,289264324,315573347,345004009,376546755
160,Montenegro,MNE,Net migration,SM.POP.NETM,-2001,-53773,-2001,-7401,-2001,-29965,-20249,-21588,-7999,-683,-3112,-2400,"Population, total",SP.POP.TOTL,502558,522796,521785,557576,587001,608144,608516,609520,609828,615875,620601,622373
161,Mongolia,MNG,Net migration,SM.POP.NETM,0,0,0,0,0,0,-88432,-52463,-15001,-10998,-4262,-4262,"Population, total",SP.POP.TOTL,1011324,1173191,1356670,1562209,1777727,2033344,2243495,2335734,2443271,2593820,2824699,3113779
162,Northern Mariana Islands,MNP,Net migration,SM.POP.NETM,,,,,,,,,,,,,"Population, total",SP.POP.TOTL,10436,11721,13882,15048,20167,36377,46476,50056,58420,55219,54311,56562
163,Mozambique,MOZ,Net migration,SM.POP.NETM,-23500,-23500,-23500,87373,-376378,-1336060,642368,-50000,30004,-40000,-25000,-25000,"Population, total",SP.POP.TOTL,7507303,8417702,9446240,10738533,12189824,12786349,13806001,16397183,18764155,21673316,24862648,28649007
164,Mauritania,MRT,Net migration,SM.POP.NETM,-1820,-2760,-5950,-9700,-16100,-39998,-44622,-44003,-10004,10001,25002,25002,"Population, total",SP.POP.TOTL,901686,1047344,1217446,1411140,1633652,1879763,2142645,2433563,2778099,3202517,3706554,4282574
165,Mauritius,MUS,Net migration,SM.POP.NETM,-30869,-29156,-20463,-20617,-21632,-35977,-5611,-8858,-19372,-12079,-12079,0,"Population, total",SP.POP.TOTL,700349,783917,852053,921379,992521,1036082,1084441,1148284,1204621,1239630,1255882,1264613
166,Malawi,MWI,Net migration,SM.POP.NETM,0,0,-15002,13999,0,877076,-861893,-59163,-59163,-59163,-80263,-80263,"Population, total",SP.POP.TOTL,3839043,4350452,4958549,5717953,6565985,8141146,9685973,10264906,11713664,13341806,15396005,17670260
167,Malaysia,MYS,Net migration,SM.POP.NETM,-58601,-139279,-135303,-5443,-77285,425455,292354,516689,671473,761878,249999,249999,"Population, total",SP.POP.TOTL,8692342,10046325,11324277,12790312,14471211,16522000,19002656,21562793,24208391,26720370,29068159,31105028
168,North America,NAC,Net migration,SM.POP.NETM,2014419,2167171,3647450,4191514,3756399,4226070,5154309,9643489,6386906,6755187,6203132,5984188,"Population, total",SP.POP.TOTL,205198600,219176000,232168663,244018243,256836391,268793450,284943859,302623445,319048184,334185120,348610010,361592733
169,Namibia,NAM,Net migration,SM.POP.NETM,0,-1078,-2696,-44298,-29069,38106,-17280,-21174,-941,8713,-37034,-24030,"Population, total",SP.POP.TOTL,665115,753688,868958,992956,1105104,1286797,1516958,1698032,1851523,2006514,2194784,2402603
170,New Caledonia,NCL,Net migration,SM.POP.NETM,3347,1406,8190,30,-3292,-488,6328,7075,4000,1705,3003,2510,"Population, total",SP.POP.TOTL,83400,96500,125500,136000,145700,160500,179799,201418,221490,239250,259000,280350
171,Niger,NER,Net migration,SM.POP.NETM,-11545,-11545,-13763,-18138,-92946,-77917,-2679,-9944,-9497,-20001,18911,20001,"Population, total",SP.POP.TOTL,3588228,4144592,4768227,5491153,6343523,7328943,8566770,10178201,12189983,14685399,17795191,21602472
172,Nigeria,NGA,Net migration,SM.POP.NETM,1021,-43347,-38526,820713,-677063,-91407,-95769,-95027,-170000,-300000,-300000,-300000,"Population, total",SP.POP.TOTL,47029822,52342233,58665808,67203128,77427546,88048032,100161710,113457663,128596076,146339977,167228767,190873311
173,Nicaragua,NIC,Net migration,SM.POP.NETM,-14020,-19010,-37980,-58030,-110020,-150030,-120040,-145020,-174010,-155010,-135020,-106360,"Population, total",SP.POP.TOTL,1887425,2197298,2558699,2985489,3455123,3909671,4364512,4827661,5219328,5590055,5982526,6384855
174,Netherlands,NLD,Net migration,SM.POP.NETM,11589,54636,186745,145804,71525,139748,186409,178553,146020,65713,62687,80000,"Population, total",SP.POP.TOTL,11805689,12598201,13328593,13856185,14312690,14665037,15184166,15610650,16148929,16381696,16754962,17131296
175,Norway,NOR,Net migration,SM.POP.NETM,-2274,4178,15870,20728,24805,38715,46903,58773,67400,163433,221814,140000,"Population, total",SP.POP.TOTL,3638918,3784539,3933004,4043205,4114787,4186905,4286401,4405157,4538159,4709153,5018573,5276968
176,Nepal,NPL,Net migration,SM.POP.NETM,-70000,-21075,-5799,-41002,-101147,-216407,76064,-464703,-772525,-971580,-2040239,208549,"Population, total",SP.POP.TOTL,10433145,11382967,12583140,14028536,15729431,17623693,19938320,22584775,24725627,26382581,26989862,27627124
177,Nauru,NRU,Net migration,SM.POP.NETM,,,,,,,,,,,,,"Population, total",SP.POP.TOTL,4944,6223,6803,7399,8018,8865,10030,10647,10102,9842,10279,12876
178,New Zealand,NZL,Net migration,SM.POP.NETM,54391,-2624,76678,-74794,-2908,-9418,118016,42584,134629,62413,90895,74403,"Population, total",SP.POP.TOTL,2482000,2724100,2903900,3120200,3156100,3274400,3531700,3781300,3948500,4223800,4408100,4793900
179,OECD members,OED,Net migration,SM.POP.NETM,2777138,2528136,4999706,3928760,2999967,4729279,8503285,10845290,13619817,15004630,14992530,16409707,"Population, total",SP.POP.TOTL,831669776,886582531,938803048,988303177,1034755341,1076848314,1124867021,1171146674,1214754896,1260210156,1302076238,1344863242
180,Oman,OMN,Net migration,SM.POP.NETM,-10000,-5000,25470,76409,81500,11169,104700,-193372,15000,267000,885782,437000,"Population, total",SP.POP.TOTL,578823,660114,776380,977804,1290111,1619863,1983275,2249762,2334858,2657158,3498029,4665935
181,Other small states,OSS,Net migration,SM.POP.NETM,-85621,-36325,-32306,-24524,59141,192078,-241409,-40858,216576,1177812,633531,470312,"Population, total",SP.POP.TOTL,9485204,10406026,11488089,12737735,14253289,16180181,18156566,19809624,21639132,24104670,27227319,30148800
182,Pakistan,PAK,Net migration,SM.POP.NETM,-93268,-209978,-138106,672203,1387118,139790,-1023387,470909,-650182,-339805,-1079167,-1166895,"Population, total",SP.POP.TOTL,47198878,53655789,61381987,70958169,83431605,98285755,113911126,131057431,149549700,167808105,187281475,207896686
183,Panama,PAN,Net migration,SM.POP.NETM,-11928,-12692,-12288,-14077,-12704,-9395,1954,9797,16119,22244,28105,56000,"Population, total",SP.POP.TOTL,1202449,1393825,1607796,1837800,2073757,2318264,2575954,2853913,3149188,3453675,3770624,4106771
184,Peru,PER,Net migration,SM.POP.NETM,-29300,-48900,-82600,-94100,-175500,-280600,-354600,-255800,-909782,-1202758,-624809,495345,"Population, total",SP.POP.TOTL,10749466,12386879,14221961,16258321,18426415,20691283,22966818,25210954,27100968,28333052,29506788,31444297
185,Philippines,PHL,Net migration,SM.POP.NETM,-218063,-470430,-375090,-476561,-292444,-314676,-698877,-949346,-1244356,-1548077,-834619,-335758,"Population, total",SP.POP.TOTL,28077339,32823968,37923396,43629412,50023563,57263836,65020116,73030884,81365258,89405482,97212638,105173264
186,Palau,PLW,Net migration,SM.POP.NETM,,,,,,,,,,,,,"Population, total",SP.POP.TOTL,10317,11326,12340,12646,12516,14123,15856,18014,19637,19158,17640,17808
187,Papua New Guinea,PNG,Net migration,SM.POP.NETM,5860,9476,-6419,-8646,10704,4723,-21116,-26081,-84417,38578,-3999,-3999,"Population, total",SP.POP.TOTL,2340352,2596820,2918139,3302633,3768483,4292563,4836217,5446641,6098621,6808514,7631002,8438029
188,Poland,POL,Net migration,SM.POP.NETM,-62544,-143114,-170903,-106595,-119193,-304973,-159999,-85199,-183471,-178456,-320806,-146976,"Population, total",SP.POP.TOTL,30308500,31987155,33055650,34689050,36230481,37668045,38363667,38649660,38230364,38120560,38063164,37974826
189,Pre-demographic dividend,PRE,Net migration,SM.POP.NETM,-288106,-322566,-458682,917736,-5416165,-4079710,1892869,-3496049,-740394,-4795429,-1626190,-2213380,"Population, total",SP.POP.TOTL,196349224,221539671,252097524,290664899,335003787,381918512,440397767,507968946,582828705,672318833,775573001,894512725
190,Puerto Rico,PRI,Net migration,SM.POP.NETM,-91587,-134255,-41031,-19579,-48420,-55192,-296,-30450,-145704,-138043,-242701,-489932,"Population, total",SP.POP.TOTL,2450322,2645674,2817256,3088690,3277453,3441850,3585176,3759430,3823701,3782995,3634488,3325286
191,"Korea, Dem. Peopleâ€™s Rep.",PRK,Net migration,SM.POP.NETM,0,0,0,0,0,0,0,-13932,-17190,-24681,-27013,-27013,"Population, total",SP.POP.TOTL,11871712,13222694,15207771,16796578,18008564,19431986,20937404,22335267,23339453,24188331,24800612,25429985
192,Portugal,PRT,Net migration,SM.POP.NETM,-545329,-697165,108187,198629,-66894,-147873,149122,173604,178353,92133,-140000,-30001,"Population, total",SP.POP.TOTL,8993985,8874520,8630430,9455675,9911771,10030031,9952494,10108977,10419631,10542964,10514844,10300300
193,Paraguay,PRY,Net migration,SM.POP.NETM,-70930,-66170,-59110,-46560,-21310,-17340,-31180,-44090,-47150,-117900,-87130,-82780,"Population, total",SP.POP.TOTL,2006670,2290798,2597154,2935712,3368773,3891734,4445016,4998100,5531962,5998427,6421512,6867062
194,West Bank and Gaza,PSE,Net migration,SM.POP.NETM,-77646,-281841,-32255,-83697,-61453,-39345,35005,69998,-190001,-103670,-157065,-52816,"Population, total",SP.POP.TOTL,,,,,,,2163591,2706518,3075373,3494496,3979998,4454805
195,Pacific island small states,PSS,Net migration,SM.POP.NETM,-5058,-24203,-44991,-54097,-53736,-111994,-72508,-92527,-107315,-76641,-90466,-63416,"Population, total",SP.POP.TOTL,923306,1071175,1202157,1332894,1487852,1630891,1750921,1893444,2006078,2128664,2268708,2422086
196,Post-demographic dividend,PST,Net migration,SM.POP.NETM,3690159,3994590,6548071,6161566,5306758,7381111,10019730,12996283,15815417,16311822,14432469,13892345,"Population, total",SP.POP.TOTL,774755029,818025942,857079394,891242779,921480888,946693323,977682877,1005700210,1030561684,1057981931,1082327434,1105771602
197,French Polynesia,PYF,Net migration,SM.POP.NETM,3190,3344,5001,4674,3650,-359,-3424,3483,77,-9019,-8016,-5000,"Population, total",SP.POP.TOTL,83655,99995,118440,139891,162685,186584,207245,226866,248972,262721,268998,276103
198,Qatar,QAT,Net migration,SM.POP.NETM,16393,21061,34368,28387,102097,57517,-10132,29506,213916,914602,604852,200000,"Population, total",SP.POP.TOTL,56262,86302,130500,182318,277226,422148,495395,535321,640868,1218434,2196074,2724724
199,Romania,ROU,Net migration,SM.POP.NETM,-2001,-2001,-2001,-99999,-200000,-200000,-520001,-580778,-468204,-774651,-300001,-369997,"Population, total",SP.POP.TOTL,18676550,19534242,20657957,21756096,22475741,22949430,22794284,22553978,21730496,20882982,20058035,19587290
200,Russian Federation,RUS,Net migration,SM.POP.NETM,-1387844,-549722,-296861,614394,1100559,890253,2490121,2374657,1778101,2326672,1800600,912279,"Population, total",SP.POP.TOTL,122591000,128196000,131909000,136100000,140823000,145908000,148538197,147915361,145306497,142805114,143201721,144496740
201,Rwanda,RWA,Net migration,SM.POP.NETM,-140001,20000,-20000,-20000,-50002,29999,-1374270,1244966,-72601,-79767,-108094,-44998,"Population, total",SP.POP.TOTL,3052936,3420895,3987224,4655383,5504842,6779983,6702244,6419901,8427060,9273757,10549678,11980937
202,South Asia,SAS,Net migration,SM.POP.NETM,-454118,-787125,-1235735,-776350,-2671138,-1914631,444901,-2726443,-4485954,-8781410,-7680665,-6215366,"Population, total",SP.POP.TOTL,597494449,666908582,746911716,838819925,944315187,1060208539,1184133314,1313346377,1442644058,1568003159,1683747130,1792835608
203,Saudi Arabia,SAU,Net migration,SM.POP.NETM,125989,187007,483318,788719,1383529,716825,-110000,-350000,747996,1073093,1722804,674895,"Population, total",SP.POP.TOTL,4362786,5195135,6392970,8207697,10988853,14445671,17282691,19407142,21805313,25184597,29155187,33099147
204,Sudan,SDN,Net migration,SM.POP.NETM,0,0,20002,180000,219998,150000,645810,-602679,-546005,-982687,-538145,-250001,"Population, total",SP.POP.TOTL,8004121,9337657,10974622,13034625,15562125,18303435,21696244,25413917,28704778,32360621,36193783,40813396
205,Senegal,SEN,Net migration,SM.POP.NETM,50002,86522,65586,-134783,-85108,-60291,-77004,-227553,-202487,-218014,-214002,-100001,"Population, total",SP.POP.TOTL,3386806,3899644,4522893,5181514,5909739,6875754,7990096,9130877,10283699,11687080,13401991,15419381
206,Singapore,SGP,Net migration,SM.POP.NETM,428,-365,5881,14273,137812,119802,297845,321578,92772,721338,317028,135142,"Population, total",SP.POP.TOTL,1750200,1977600,2152400,2325300,2646466,2774789,3230698,3796038,4175950,4588599,5312437,5612253
207,Solomon Islands,SLB,Net migration,SM.POP.NETM,2359,1461,431,-2416,-3420,-8504,-6682,-5285,-8445,-14256,-7998,-7998,"Population, total",SP.POP.TOTL,125040,145317,172552,207890,246447,286870,329995,379999,435432,492132,556064,636038
208,Sierra Leone,SLE,Net migration,SM.POP.NETM,0,0,0,0,0,62745,-450000,-150000,500000,60000,-21000,-21000,"Population, total",SP.POP.TOTL,2388769,2596805,2854872,3170508,3540170,4038144,4347724,4335301,4965766,5989633,6712581,7488431
209,El Salvador,SLV,Net migration,SM.POP.NETM,-24031,-44306,-90977,-164230,-231749,-256685,-265152,-326853,-312786,-285671,-240415,-202694,"Population, total",SP.POP.TOTL,2931192,3387383,3867309,4338458,4737257,5067537,5416323,5746284,5962136,6105810,6237923,6388122
210,San Marino,SMR,Net migration,SM.POP.NETM,,,,,,,,,,,,,"Population, total",SP.POP.TOTL,16255,18307,19494,20397,22037,23295,24822,26562,28175,30063,32105,33671
211,Somalia,SOM,Net migration,SM.POP.NETM,-1328,1910,0,1796103,-454532,-410787,-822004,0,0,-199997,-233405,-200002,"Population, total",SP.POP.TOTL,2874218,3227841,3479790,4802141,6608044,6862273,7295384,7936127,9501342,11080121,12715510,14589119
212,Serbia,SRB,Net migration,SM.POP.NETM,-88140,-89744,-20651,7680,-10360,-27488,178348,-495902,-276331,-119556,29559,20000,"Population, total",SP.POP.TOTL,6696000,6880000,7053000,7258000,7440000,7558000,7646424,7596501,7496522,7381579,7199077,7020858
213,Sub-Saharan Africa (excluding high income),SSA,Net migration,SM.POP.NETM,-365058,-452576,-544175,-567688,-1485109,-1166784,-438242,-1504668,-1473316,-2285319,-3000685,-1813121,"Population, total",SP.POP.TOTL,237377307,268238396,305451192,350825505,404631969,466948587,537091265,613828768,699777823,799583871,916382788,1048793216
214,South Sudan,SSD,Net migration,SM.POP.NETM,0,0,25000,60000,150000,-416233,-1097076,300000,432000,846611,-100000,-870998,"Population, total",SP.POP.TOTL,2951043,3268405,3661440,4144554,4799434,5419809,5305457,5411655,6688226,8315139,10113647,10910759
215,Sub-Saharan Africa,SSF,Net migration,SM.POP.NETM,-396911,-482842,-564470,-588604,-1509927,-1207957,-443350,-1513781,-1490054,-2300123,-3013764,-1814121,"Population, total",SP.POP.TOTL,238121698,269072224,306359274,351808670,405688903,468053168,538246469,615054371,701066167,800908534,917726973,1050153672
216,Small states,SST,Net migration,SM.POP.NETM,-353511,-359138,-361987,-349694,-260709,-261803,-550317,-363504,-67522,958718,451614,319841,"Population, total",SP.POP.TOTL,14762138,16189727,17702858,19373936,21359026,23705899,26020302,28081620,30250175,33066727,36568692,39885876
217,Sao Tome and Principe,STP,Net migration,SM.POP.NETM,-9152,-744,-2509,-1221,-5999,-2190,-5599,-9551,-8400,-3391,-8400,-8401,"Population, total",SP.POP.TOTL,64479,68047,77934,88110,99473,110254,124576,135832,147447,166300,188404,207089
218,Suriname,SUR,Net migration,SM.POP.NETM,-11050,-13862,-56820,-40352,-31771,-4845,-5195,-10189,-9124,-6485,-5000,-4999,"Population, total",SP.POP.TOTL,303895,347660,367907,357659,360920,381037,420655,454161,482235,511181,541245,570496
219,Slovak Republic,SVK,Net migration,SM.POP.NETM,-26427,-57838,-15254,-9696,-34777,-35312,-15108,-2964,1199,-8855,11346,7423,"Population, total",SP.POP.TOTL,4238188,4449367,4596622,4840501,5055099,5222840,5305016,5383291,5376912,5374622,5407579,5439232
220,Slovenia,SVN,Net migration,SM.POP.NETM,-22059,-14950,17942,34686,68363,32609,-17461,1487,14998,39348,16571,9999,"Population, total",SP.POP.TOTL,1603649,1689528,1752233,1842377,1910334,1989776,1996498,1985956,1994530,2018122,2057159,2066388
221,Sweden,SWE,Net migration,SM.POP.NETM,80351,130980,18798,88567,29799,134569,156460,58470,141723,262453,253958,200000,"Population, total",SP.POP.TOTL,7561588,7867931,8122300,8251540,8325263,8397804,8668067,8846062,8924958,9148092,9519374,10057698
222,Eswatini,SWZ,Net migration,SM.POP.NETM,-12011,-3966,-11426,-10100,-9310,-2218,-23252,-25847,-47814,-38219,-41764,-41764,"Population, total",SP.POP.TOTL,350156,394757,457039,532260,629811,748632,866993,963426,1019059,1042652,1079288,1124753
223,Sint Maarten (Dutch part),SXM,Net migration,SM.POP.NETM,,,,,,,,,,,,,"Population, total",SP.POP.TOTL,,,,,,,,,30777,33811,34640,40574
224,Seychelles,SYC,Net migration,SM.POP.NETM,-984,-1110,168,-299,-3186,-5196,503,-255,2634,-2725,-1000,-1000,"Population, total",SP.POP.TOTL,44042,49911,56029,61786,64413,68499,70763,77319,83723,85033,88303,95843
225,Syrian Arab Republic,SYR,Net migration,SM.POP.NETM,-16000,-16000,-81501,-161672,-87001,-146501,-70000,-130000,-379910,370000,-5386986,-2136954,"Population, total",SP.POP.TOTL,4875422,5740710,6800141,8060649,9590227,11360852,13187663,15175316,17084632,19878254,20442541,17068002
226,Turks and Caicos Islands,TCA,Net migration,SM.POP.NETM,,,,,,,,,,,,,"Population, total",SP.POP.TOTL,5884,5764,6157,7198,8654,10724,13632,17567,23232,30385,34066,37115
227,Chad,TCD,Net migration,SM.POP.NETM,-5000,-40950,-49050,-175500,-131245,1418,-10374,69444,218966,75000,100000,10000,"Population, total",SP.POP.TOTL,3121236,3434825,3815260,4255248,4718162,5412847,6356748,7503493,9019233,10818024,12784750,15016773
228,East Asia & Pacific (IDA & IBRD countries),TEA,Net migration,SM.POP.NETM,-951548,-476764,-888388,-1119832,-303942,-272668,-2770604,-960390,-5591320,-6869538,-3741241,-3763991,"Population, total",SP.POP.TOTL,894536179,1017110646,1161692276,1281596026,1387365773,1507322668,1631566815,1737388752,1826238744,1899800530,1969562739,2042687863
229,Europe & Central Asia (IDA & IBRD countries),TEC,Net migration,SM.POP.NETM,-146288,222987,-691999,-420808,-41405,-1772394,-3486794,-2968741,-581069,400617,2395271,1324001,"Population, total",SP.POP.TOTL,317744152,339692822,358451353,377959114,397542972,417635059,431065071,434473525,433541379,435646364,444898523,456976356
230,Togo,TGO,Net migration,SM.POP.NETM,-77885,138923,-49999,-100000,50001,-20000,-116499,80000,-33000,-10598,-9994,-9999,"Population, total",SP.POP.TOTL,1612755,1855442,2247582,2518457,2915620,3471739,3945905,4485951,5197031,5920359,6773807,7698475
231,Thailand,THA,Net migration,SM.POP.NETM,0,0,395572,287226,339923,504404,-607538,715832,373746,59008,167314,97222,"Population, total",SP.POP.TOTL,29080938,33778799,39058603,44405904,49255900,53945881,57811021,60846582,64069087,66182067,67835957,69209858
232,Tajikistan,TJK,Net migration,SM.POP.NETM,53337,65780,28033,22800,12417,-31508,-232301,-237255,-144939,-145788,-136974,-99999,"Population, total",SP.POP.TOTL,2236574,2662253,3111282,3586515,4140295,4844002,5502494,5938405,6426867,7062672,7874835,8880268
233,Turkmenistan,TKM,Net migration,SM.POP.NETM,26783,28147,25346,-5070,-35795,-39702,43633,-64674,-125883,-62717,-50002,-25001,"Population, total",SP.POP.TOTL,1715408,2011764,2324015,2664258,3019066,3407321,3899843,4355116,4610005,4870141,5267900,5757669
234,Latin America & the Caribbean (IDA & IBRD countries),TLA,Net migration,SM.POP.NETM,-1293289,-1759267,-2378615,-3280368,-3154465,-3853301,-4160937,-4487381,-5031136,-3429658,-2481659,-2050462,"Population, total",SP.POP.TOTL,221676247,253607422,287442506,323363605,362272006,402742151,442751039,482112370,519420818,553909981,587002346,618632726
235,Timor-Leste,TLS,Net migration,SM.POP.NETM,0,0,0,-51400,0,0,0,-81574,-27870,-38074,-28030,-26924,"Population, total",SP.POP.TOTL,491571,538909,600192,619816,613238,686471,783198,861866,922694,1036392,1132994,1243261
236,Middle East & North Africa (IDA & IBRD countries),TMN,Net migration,SM.POP.NETM,-721430,-890641,-1738119,-1300410,952361,104444,-668599,-1640863,-1457748,-2129142,-3646941,-3144500,"Population, total",SP.POP.TOTL,102808053,117503859,134051043,152881209,177185670,206447530,235665072,261797648,286188951,312078851,341024011,372091950
237,Tonga,TON,Net migration,SM.POP.NETM,424,-2881,-7485,-7815,-12375,-10786,-10980,-8435,-7835,-7761,-12992,-3999,"Population, total",SP.POP.TOTL,66235,79029,86323,90273,93641,94321,95399,96619,99022,102581,102737,101998
238,South Asia (IDA & IBRD),TSA,Net migration,SM.POP.NETM,-454118,-787125,-1235735,-776350,-2671138,-1914631,444901,-2726443,-4485954,-8781410,-7680665,-6215366,"Population, total",SP.POP.TOTL,597494449,666908582,746911716,838819925,944315187,1060208539,1184133314,1313346377,1442644058,1568003159,1683747130,1792835608
239,Sub-Saharan Africa (IDA & IBRD countries),TSS,Net migration,SM.POP.NETM,-396911,-482842,-564470,-588604,-1509927,-1207957,-443350,-1513781,-1490054,-2300123,-3013764,-1814121,"Population, total",SP.POP.TOTL,238121698,269072224,306359274,351808670,405688903,468053168,538246469,615054371,701066167,800908534,917726973,1050153672
240,Trinidad and Tobago,TTO,Net migration,SM.POP.NETM,-56797,-61309,-28896,-29937,-33669,-45387,-32813,-34262,-17490,-18605,-3999,-3999,"Population, total",SP.POP.TOTL,879441,925235,968136,1039212,1120020,1194541,1236683,1259848,1277213,1308451,1344817,1384072
241,Tunisia,TUN,Net migration,SM.POP.NETM,-142495,-96523,-97065,-72068,85582,48999,140341,-39804,-143045,-40641,-150000,-20000,"Population, total",SP.POP.TOTL,4305481,4740511,5291338,5919965,6740529,7700736,8613861,9395123,9871251,10304726,10847002,11433443
242,Turkey,TUR,Net migration,SM.POP.NETM,-149999,-180001,-240000,-259998,-70001,-100001,-120000,-99999,-39998,-50000,1763078,1419610,"Population, total",SP.POP.TOTL,28832827,32477992,36587261,41108297,46025411,51100924,55748948,60372568,65145367,69581848,74653016,81101892
243,Tuvalu,TUV,Net migration,SM.POP.NETM,,,,,,,,,,,,,"Population, total",SP.POP.TOTL,5340,5511,5790,6650,7956,8485,9112,9323,9596,10221,10739,11370
244,Tanzania,TZA,Net migration,SM.POP.NETM,25040,36058,120202,-25040,35062,68117,584095,-400706,-300523,-500853,-250435,-200381,"Population, total",SP.POP.TOTL,10651962,12348189,14428340,16905214,19723322,22971200,26961197,31192857,35334788,40681414,47052481,54663906
245,Uganda,UGA,Net migration,SM.POP.NETM,124999,50004,-276112,-179999,-120001,200002,109998,-180002,-250002,-500000,-299994,843469,"Population, total",SP.POP.TOTL,7215796,8550443,9929636,11368615,13221991,15612754,18561674,21655398,25167257,29486338,34559168,41162465
246,Ukraine,UKR,Net migration,SM.POP.NETM,455769,268767,206203,104383,189092,0,74421,-462264,-165445,269541,132154,50001,"Population, total",SP.POP.TOTL,43752230,46063228,47783005,49287127,50384000,51293000,52150400,50594600,48202470,46509355,45593342,44831135
247,Upper middle income,UMC,Net migration,SM.POP.NETM,-2645293,-1403046,-2910035,-2498778,192545,-2232497,-5908984,-3882201,-4680642,-4408478,3260948,-1562415,"Population, total",SP.POP.TOTL,1258013195,1418202808,1600432684,1761484935,1912987008,2080076812,2244690386,2381988263,2499370901,2601881261,2706458199,2817771263
248,Uruguay,URY,Net migration,SM.POP.NETM,-6000,-34000,-136000,-60000,-30000,-30000,-20000,-26000,-104000,-50000,-30000,-15000,"Population, total",SP.POP.TOTL,2603882,2750086,2821461,2856958,2953852,3049581,3154464,3270164,3326040,3331749,3378974,3436646
249,United States,USA,Net migration,SM.POP.NETM,1835728,1556054,2889346,3770881,3382460,3366853,4463754,8859954,5334893,5428756,4961716,4774029,"Population, total",SP.POP.TOTL,186538000,198712000,209896000,220239000,231664000,242289000,256514000,272657000,287625193,301231207,313830990,324985539
250,Uzbekistan,UZB,Net migration,SM.POP.NETM,161627,446173,70667,72079,-185170,-356031,-322777,-242636,-242297,-140130,-66469,-44314,"Population, total",SP.POP.TOTL,9113620,10889509,12796980,14643875,16747426,18976417,21449000,23667000,25271850,26868000,29774500,32388600
251,St. Vincent and the Grenadines,VCT,Net migration,SM.POP.NETM,-9356,-9706,-8448,-7246,-7350,-7183,-8721,-7971,-5298,-5696,-2934,-1000,"Population, total",SP.POP.TOTL,83237,87777,92513,97701,102256,105906,107950,107895,108097,108518,108435,109827
252,"Venezuela, RB",VEN,Net migration,SM.POP.NETM,18870,3160,940,1120,1380,920,-2270,-4540,-22740,-200220,-431040,-3266243,"Population, total",SP.POP.TOTL,8742777,10359745,12097694,13964379,16017573,18232730,20557683,22837743,25100408,27247610,29362449,29390409
253,British Virgin Islands,VGB,Net migration,SM.POP.NETM,,,,,,,,,,,,,"Population, total",SP.POP.TOTL,8310,9222,10208,10928,12249,15407,18438,19665,21129,25047,28650,29577
254,Virgin Islands (U.S.),VIR,Net migration,SM.POP.NETM,10270,3245,9407,1961,-3492,-11156,-4618,-3936,-5272,-6267,-4501,-2254,"Population, total",SP.POP.TOTL,35000,49100,76319,93203,100068,100901,105712,108357,108510,108339,108191,107268
255,Vietnam,VNM,Net migration,SM.POP.NETM,0,0,0,-858895,-327564,-332327,-394236,-216001,-650999,-799969,-399999,-399999,"Population, total",SP.POP.TOTL,34683407,40072948,45548479,50861162,56814306,63701972,70883481,77133214,81534407,85419591,89802487,94596642
256,Vanuatu,VUT,Net migration,SM.POP.NETM,-652,-1213,776,-435,-4003,-3616,-948,-7385,-2574,-3275,1785,600,"Population, total",SP.POP.TOTL,67794,78499,90809,106200,121395,136079,155170,174921,193920,219472,249499,285510
257,World,WLD,Net migration,SM.POP.NETM,0,0,0,0,0,0,0,0,0,0,0,0,"Population, total",SP.POP.TOTL,3125456671,3462460201,3836892580,4207766711,4592341169,5012555212,5452349932,5872254361,6272752974,6674203658,7085763408,7509065705
258,Samoa,WSM,Net migration,SM.POP.NETM,-3402,-6803,-14914,-18979,-18695,-19526,-13998,-17141,-15641,-15085,-12189,-14013,"Population, total",SP.POP.TOTL,115776,134177,147296,153224,157372,160965,165490,172068,176407,182046,189088,195352
259,Kosovo,XKX,Net migration,SM.POP.NETM,,,,,,,,,,,,,"Population, total",SP.POP.TOTL,994000,1135000,1278000,1430000,1582000,1753000,1932000,2086000,1702310,1733404,1807106,1791003
260,"Yemen, Rep.",YEM,Net migration,SM.POP.NETM,-100000,-245662,-360993,-75000,-50000,-50000,607781,-100000,-112150,-65768,-75010,-150000,"Population, total",SP.POP.TOTL,5473671,5907874,6390574,7178675,8541605,10322043,12954155,15975668,18443691,21282515,24473178,27834821
261,South Africa,ZAF,Net migration,SM.POP.NETM,106550,199359,222659,73316,180998,-118001,852860,639902,788982,862221,919697,727026,"Population, total",SP.POP.TOTL,17965725,20406864,23281508,26480913,30150448,34297727,38672607,42987461,46150913,49119759,52834005,57000451
262,Zambia,ZMB,Net migration,SM.POP.NETM,-35328,-22042,-20000,-25000,10000,-75000,-150000,20000,-150000,-175000,-50000,-40000,"Population, total",SP.POP.TOTL,3260650,3797873,4466174,5287548,6265864,7372837,8451347,9597609,10971698,12502958,14465121,16853688
263,Zimbabwe,ZWE,Net migration,SM.POP.NETM,-15009,-42001,-45547,-152283,99068,84354,-298236,-524671,-697817,-512676,-622997,-584288,"Population, total",SP.POP.TOTL,4039201,4779827,5673911,6712827,7958241,9527203,10900502,11653242,11954290,12255922,13115131,14236745
